household_key,decile,decile_action_tier,km_segment,km_action_tier
1,D3,Grow basket or category,0,Growth: upsell
2,D6,Low-cost nurture,3,Low-cost nurture
3,D5,Low-cost nurture,4,Behavioral tier 4
4,D7,Low-cost nurture,2,Behavioral tier 5
5,D8,Suppress expensive offers,4,Behavioral tier 4
6,D2,Grow basket or category,1,VIP retention
7,D4,Grow basket or category,3,Low-cost nurture
8,D2,Grow basket or category,1,VIP retention
9,D8,Suppress expensive offers,4,Behavioral tier 4
10,D10,Suppress expensive offers,2,Behavioral tier 5
11,D10,Suppress expensive offers,2,Behavioral tier 5
12,D10,Suppress expensive offers,2,Behavioral tier 5
13,D1,VIP: retain and reward,1,VIP retention
14,D5,Low-cost nurture,0,Growth: upsell
15,D8,Suppress expensive offers,4,Behavioral tier 4
16,D7,Low-cost nurture,3,Low-cost nurture
17,D2,Grow basket or category,1,VIP retention
18,D2,Grow basket or category,1,VIP retention
19,D1,VIP: retain and reward,1,VIP retention
20,D1,VIP: retain and reward,1,VIP retention
21,D8,Suppress expensive offers,3,Low-cost nurture
22,D2,Grow basket or category,1,VIP retention
23,D4,Grow basket or category,0,Growth: upsell
24,D6,Low-cost nurture,4,Behavioral tier 4
25,D4,Grow basket or category,3,Low-cost nurture
26,D6,Low-cost nurture,0,Growth: upsell
27,D2,Grow basket or category,0,Growth: upsell
28,D6,Low-cost nurture,0,Growth: upsell
29,D7,Low-cost nurture,4,Behavioral tier 4
30,D9,Suppress expensive offers,3,Low-cost nurture
31,D3,Grow basket or category,1,VIP retention
32,D4,Grow basket or category,1,VIP retention
33,D7,Low-cost nurture,3,Low-cost nurture
34,D9,Suppress expensive offers,4,Behavioral tier 4
35,D8,Suppress expensive offers,3,Low-cost nurture
36,D3,Grow basket or category,0,Growth: upsell
37,D4,Grow basket or category,3,Low-cost nurture
38,D9,Suppress expensive offers,2,Behavioral tier 5
39,D3,Grow basket or category,3,Low-cost nurture
40,D1,VIP: retain and reward,1,VIP retention
41,D4,Grow basket or category,0,Growth: upsell
42,D6,Low-cost nurture,0,Growth: upsell
43,D8,Suppress expensive offers,0,Growth: upsell
44,D8,Suppress expensive offers,4,Behavioral tier 4
45,D8,Suppress expensive offers,2,Behavioral tier 5
46,D1,VIP: retain and reward,1,VIP retention
47,D5,Low-cost nurture,0,Growth: upsell
48,D7,Low-cost nurture,3,Low-cost nurture
49,D2,Grow basket or category,1,VIP retention
50,D10,Suppress expensive offers,2,Behavioral tier 5
51,D4,Grow basket or category,0,Growth: upsell
52,D2,Grow basket or category,1,VIP retention
53,D6,Low-cost nurture,3,Low-cost nurture
54,D10,Suppress expensive offers,2,Behavioral tier 5
55,D8,Suppress expensive offers,0,Growth: upsell
56,D2,Grow basket or category,1,VIP retention
57,D4,Grow basket or category,1,VIP retention
58,D1,VIP: retain and reward,1,VIP retention
59,D6,Low-cost nurture,3,Low-cost nurture
60,D9,Suppress expensive offers,4,Behavioral tier 4
61,D10,Suppress expensive offers,4,Behavioral tier 4
62,D10,Suppress expensive offers,2,Behavioral tier 5
63,D9,Suppress expensive offers,4,Behavioral tier 4
64,D3,Grow basket or category,0,Growth: upsell
65,D6,Low-cost nurture,0,Growth: upsell
66,D9,Suppress expensive offers,2,Behavioral tier 5
67,D1,VIP: retain and reward,1,VIP retention
68,D3,Grow basket or category,0,Growth: upsell
69,D2,Grow basket or category,0,Growth: upsell
70,D10,Suppress expensive offers,2,Behavioral tier 5
71,D4,Grow basket or category,1,VIP retention
72,D2,Grow basket or category,1,VIP retention
73,D4,Grow basket or category,3,Low-cost nurture
74,D6,Low-cost nurture,0,Growth: upsell
75,D7,Low-cost nurture,3,Low-cost nurture
76,D10,Suppress expensive offers,4,Behavioral tier 4
77,D2,Grow basket or category,0,Growth: upsell
78,D5,Low-cost nurture,0,Growth: upsell
79,D3,Grow basket or category,1,VIP retention
80,D4,Grow basket or category,1,VIP retention
81,D2,Grow basket or category,0,Growth: upsell
82,D9,Suppress expensive offers,4,Behavioral tier 4
83,D7,Low-cost nurture,0,Growth: upsell
84,D7,Low-cost nurture,3,Low-cost nurture
85,D3,Grow basket or category,1,VIP retention
86,D3,Grow basket or category,3,Low-cost nurture
87,D7,Low-cost nurture,3,Low-cost nurture
88,D1,VIP: retain and reward,1,VIP retention
89,D10,Suppress expensive offers,2,Behavioral tier 5
90,D9,Suppress expensive offers,2,Behavioral tier 5
91,D4,Grow basket or category,1,VIP retention
92,D7,Low-cost nurture,3,Low-cost nurture
93,D4,Grow basket or category,0,Growth: upsell
94,D9,Suppress expensive offers,3,Low-cost nurture
95,D2,Grow basket or category,1,VIP retention
96,D7,Low-cost nurture,4,Behavioral tier 4
97,D2,Grow basket or category,1,VIP retention
98,D5,Low-cost nurture,0,Growth: upsell
99,D2,Grow basket or category,1,VIP retention
100,D5,Low-cost nurture,3,Low-cost nurture
101,D2,Grow basket or category,0,Growth: upsell
102,D10,Suppress expensive offers,2,Behavioral tier 5
103,D9,Suppress expensive offers,4,Behavioral tier 4
104,D2,Grow basket or category,1,VIP retention
105,D3,Grow basket or category,0,Growth: upsell
106,D6,Low-cost nurture,3,Low-cost nurture
107,D7,Low-cost nurture,3,Low-cost nurture
108,D5,Low-cost nurture,3,Low-cost nurture
109,D4,Grow basket or category,0,Growth: upsell
110,D4,Grow basket or category,1,VIP retention
111,D7,Low-cost nurture,3,Low-cost nurture
112,D7,Low-cost nurture,3,Low-cost nurture
113,D1,VIP: retain and reward,1,VIP retention
114,D4,Grow basket or category,1,VIP retention
115,D1,VIP: retain and reward,1,VIP retention
116,D9,Suppress expensive offers,4,Behavioral tier 4
117,D5,Low-cost nurture,0,Growth: upsell
118,D3,Grow basket or category,1,VIP retention
119,D5,Low-cost nurture,3,Low-cost nurture
120,D10,Suppress expensive offers,2,Behavioral tier 5
121,D5,Low-cost nurture,3,Low-cost nurture
122,D5,Low-cost nurture,0,Growth: upsell
123,D4,Grow basket or category,0,Growth: upsell
124,D9,Suppress expensive offers,4,Behavioral tier 4
125,D1,VIP: retain and reward,1,VIP retention
126,D8,Suppress expensive offers,4,Behavioral tier 4
127,D3,Grow basket or category,1,VIP retention
128,D7,Low-cost nurture,3,Low-cost nurture
129,D9,Suppress expensive offers,4,Behavioral tier 4
130,D9,Suppress expensive offers,2,Behavioral tier 5
131,D2,Grow basket or category,1,VIP retention
132,D4,Grow basket or category,0,Growth: upsell
133,D3,Grow basket or category,0,Growth: upsell
134,D2,Grow basket or category,1,VIP retention
135,D9,Suppress expensive offers,0,Growth: upsell
136,D4,Grow basket or category,4,Behavioral tier 4
137,D8,Suppress expensive offers,4,Behavioral tier 4
138,D4,Grow basket or category,0,Growth: upsell
139,D4,Grow basket or category,1,VIP retention
140,D6,Low-cost nurture,4,Behavioral tier 4
141,D9,Suppress expensive offers,3,Low-cost nurture
142,D5,Low-cost nurture,0,Growth: upsell
143,D2,Grow basket or category,1,VIP retention
144,D6,Low-cost nurture,4,Behavioral tier 4
145,D7,Low-cost nurture,4,Behavioral tier 4
146,D8,Suppress expensive offers,4,Behavioral tier 4
147,D7,Low-cost nurture,4,Behavioral tier 4
148,D7,Low-cost nurture,3,Low-cost nurture
149,D1,VIP: retain and reward,1,VIP retention
150,D10,Suppress expensive offers,2,Behavioral tier 5
151,D7,Low-cost nurture,3,Low-cost nurture
152,D7,Low-cost nurture,4,Behavioral tier 4
153,D7,Low-cost nurture,0,Growth: upsell
154,D8,Suppress expensive offers,3,Low-cost nurture
155,D6,Low-cost nurture,3,Low-cost nurture
156,D2,Grow basket or category,1,VIP retention
157,D5,Low-cost nurture,0,Growth: upsell
158,D6,Low-cost nurture,0,Growth: upsell
159,D6,Low-cost nurture,0,Growth: upsell
160,D7,Low-cost nurture,3,Low-cost nurture
161,D2,Grow basket or category,0,Growth: upsell
162,D4,Grow basket or category,0,Growth: upsell
163,D10,Suppress expensive offers,2,Behavioral tier 5
164,D3,Grow basket or category,0,Growth: upsell
165,D4,Grow basket or category,1,VIP retention
166,D4,Grow basket or category,0,Growth: upsell
167,D7,Low-cost nurture,3,Low-cost nurture
168,D9,Suppress expensive offers,3,Low-cost nurture
169,D10,Suppress expensive offers,2,Behavioral tier 5
170,D6,Low-cost nurture,3,Low-cost nurture
171,D9,Suppress expensive offers,4,Behavioral tier 4
172,D6,Low-cost nurture,0,Growth: upsell
173,D10,Suppress expensive offers,2,Behavioral tier 5
174,D7,Low-cost nurture,3,Low-cost nurture
175,D8,Suppress expensive offers,4,Behavioral tier 4
176,D8,Suppress expensive offers,3,Low-cost nurture
177,D8,Suppress expensive offers,3,Low-cost nurture
178,D6,Low-cost nurture,0,Growth: upsell
179,D9,Suppress expensive offers,2,Behavioral tier 5
180,D6,Low-cost nurture,3,Low-cost nurture
181,D6,Low-cost nurture,3,Low-cost nurture
182,D8,Suppress expensive offers,4,Behavioral tier 4
183,D7,Low-cost nurture,0,Growth: upsell
184,D2,Grow basket or category,1,VIP retention
185,D6,Low-cost nurture,3,Low-cost nurture
186,D10,Suppress expensive offers,2,Behavioral tier 5
187,D9,Suppress expensive offers,4,Behavioral tier 4
188,D6,Low-cost nurture,3,Low-cost nurture
189,D8,Suppress expensive offers,3,Low-cost nurture
190,D9,Suppress expensive offers,4,Behavioral tier 4
191,D9,Suppress expensive offers,4,Behavioral tier 4
192,D3,Grow basket or category,0,Growth: upsell
193,D3,Grow basket or category,1,VIP retention
194,D6,Low-cost nurture,3,Low-cost nurture
195,D3,Grow basket or category,1,VIP retention
196,D2,Grow basket or category,1,VIP retention
197,D6,Low-cost nurture,4,Behavioral tier 4
198,D1,VIP: retain and reward,0,Growth: upsell
199,D9,Suppress expensive offers,4,Behavioral tier 4
200,D7,Low-cost nurture,4,Behavioral tier 4
201,D7,Low-cost nurture,4,Behavioral tier 4
202,D8,Suppress expensive offers,3,Low-cost nurture
203,D8,Suppress expensive offers,3,Low-cost nurture
204,D8,Suppress expensive offers,3,Low-cost nurture
205,D4,Grow basket or category,1,VIP retention
206,D10,Suppress expensive offers,2,Behavioral tier 5
207,D8,Suppress expensive offers,3,Low-cost nurture
208,D3,Grow basket or category,1,VIP retention
209,D2,Grow basket or category,1,VIP retention
210,D3,Grow basket or category,1,VIP retention
211,D5,Low-cost nurture,0,Growth: upsell
212,D4,Grow basket or category,0,Growth: upsell
213,D9,Suppress expensive offers,2,Behavioral tier 5
214,D5,Low-cost nurture,0,Growth: upsell
215,D6,Low-cost nurture,0,Growth: upsell
216,D5,Low-cost nurture,0,Growth: upsell
217,D5,Low-cost nurture,3,Low-cost nurture
218,D1,VIP: retain and reward,1,VIP retention
219,D1,VIP: retain and reward,1,VIP retention
220,D5,Low-cost nurture,3,Low-cost nurture
221,D4,Grow basket or category,0,Growth: upsell
222,D2,Grow basket or category,1,VIP retention
223,D5,Low-cost nurture,0,Growth: upsell
224,D7,Low-cost nurture,4,Behavioral tier 4
225,D9,Suppress expensive offers,4,Behavioral tier 4
226,D7,Low-cost nurture,4,Behavioral tier 4
227,D7,Low-cost nurture,4,Behavioral tier 4
228,D5,Low-cost nurture,3,Low-cost nurture
229,D8,Suppress expensive offers,4,Behavioral tier 4
230,D3,Grow basket or category,1,VIP retention
231,D10,Suppress expensive offers,2,Behavioral tier 5
232,D1,VIP: retain and reward,1,VIP retention
233,D9,Suppress expensive offers,4,Behavioral tier 4
234,D10,Suppress expensive offers,2,Behavioral tier 5
235,D1,VIP: retain and reward,1,VIP retention
236,D7,Low-cost nurture,4,Behavioral tier 4
237,D9,Suppress expensive offers,2,Behavioral tier 5
238,D9,Suppress expensive offers,2,Behavioral tier 5
239,D3,Grow basket or category,0,Growth: upsell
240,D10,Suppress expensive offers,4,Behavioral tier 4
241,D10,Suppress expensive offers,2,Behavioral tier 5
242,D2,Grow basket or category,1,VIP retention
243,D1,VIP: retain and reward,1,VIP retention
244,D6,Low-cost nurture,3,Low-cost nurture
245,D7,Low-cost nurture,3,Low-cost nurture
246,D8,Suppress expensive offers,4,Behavioral tier 4
247,D7,Low-cost nurture,3,Low-cost nurture
248,D2,Grow basket or category,1,VIP retention
249,D4,Grow basket or category,0,Growth: upsell
250,D2,Grow basket or category,0,Growth: upsell
251,D5,Low-cost nurture,0,Growth: upsell
252,D10,Suppress expensive offers,2,Behavioral tier 5
253,D1,VIP: retain and reward,1,VIP retention
254,D9,Suppress expensive offers,4,Behavioral tier 4
255,D9,Suppress expensive offers,4,Behavioral tier 4
256,D1,VIP: retain and reward,1,VIP retention
257,D5,Low-cost nurture,0,Growth: upsell
258,D5,Low-cost nurture,0,Growth: upsell
259,D8,Suppress expensive offers,4,Behavioral tier 4
260,D9,Suppress expensive offers,4,Behavioral tier 4
261,D7,Low-cost nurture,3,Low-cost nurture
262,D3,Grow basket or category,0,Growth: upsell
263,D2,Grow basket or category,0,Growth: upsell
264,D6,Low-cost nurture,3,Low-cost nurture
265,D6,Low-cost nurture,4,Behavioral tier 4
266,D4,Grow basket or category,3,Low-cost nurture
267,D10,Suppress expensive offers,2,Behavioral tier 5
268,D8,Suppress expensive offers,4,Behavioral tier 4
269,D6,Low-cost nurture,0,Growth: upsell
270,D8,Suppress expensive offers,3,Low-cost nurture
271,D7,Low-cost nurture,0,Growth: upsell
272,D9,Suppress expensive offers,2,Behavioral tier 5
273,D5,Low-cost nurture,0,Growth: upsell
274,D10,Suppress expensive offers,2,Behavioral tier 5
275,D2,Grow basket or category,1,VIP retention
276,D2,Grow basket or category,1,VIP retention
277,D9,Suppress expensive offers,4,Behavioral tier 4
278,D6,Low-cost nurture,0,Growth: upsell
279,D6,Low-cost nurture,3,Low-cost nurture
280,D5,Low-cost nurture,1,VIP retention
281,D7,Low-cost nurture,0,Growth: upsell
282,D3,Grow basket or category,1,VIP retention
283,D2,Grow basket or category,3,Low-cost nurture
284,D9,Suppress expensive offers,3,Low-cost nurture
285,D3,Grow basket or category,1,VIP retention
286,D7,Low-cost nurture,4,Behavioral tier 4
287,D4,Grow basket or category,0,Growth: upsell
288,D4,Grow basket or category,1,VIP retention
289,D2,Grow basket or category,1,VIP retention
290,D2,Grow basket or category,0,Growth: upsell
291,D5,Low-cost nurture,4,Behavioral tier 4
292,D8,Suppress expensive offers,4,Behavioral tier 4
293,D3,Grow basket or category,0,Growth: upsell
294,D2,Grow basket or category,0,Growth: upsell
295,D10,Suppress expensive offers,4,Behavioral tier 4
296,D10,Suppress expensive offers,2,Behavioral tier 5
297,D4,Grow basket or category,0,Growth: upsell
298,D10,Suppress expensive offers,2,Behavioral tier 5
299,D10,Suppress expensive offers,2,Behavioral tier 5
300,D3,Grow basket or category,0,Growth: upsell
301,D2,Grow basket or category,1,VIP retention
302,D6,Low-cost nurture,3,Low-cost nurture
303,D3,Grow basket or category,0,Growth: upsell
304,D1,VIP: retain and reward,1,VIP retention
305,D3,Grow basket or category,1,VIP retention
306,D2,Grow basket or category,1,VIP retention
307,D5,Low-cost nurture,0,Growth: upsell
308,D5,Low-cost nurture,3,Low-cost nurture
309,D5,Low-cost nurture,4,Behavioral tier 4
310,D10,Suppress expensive offers,3,Low-cost nurture
311,D7,Low-cost nurture,3,Low-cost nurture
312,D5,Low-cost nurture,3,Low-cost nurture
313,D10,Suppress expensive offers,2,Behavioral tier 5
314,D4,Grow basket or category,3,Low-cost nurture
315,D10,Suppress expensive offers,2,Behavioral tier 5
316,D8,Suppress expensive offers,4,Behavioral tier 4
317,D2,Grow basket or category,3,Low-cost nurture
318,D7,Low-cost nurture,0,Growth: upsell
319,D4,Grow basket or category,1,VIP retention
320,D9,Suppress expensive offers,2,Behavioral tier 5
321,D2,Grow basket or category,0,Growth: upsell
322,D5,Low-cost nurture,3,Low-cost nurture
323,D10,Suppress expensive offers,4,Behavioral tier 4
324,D1,VIP: retain and reward,1,VIP retention
325,D4,Grow basket or category,4,Behavioral tier 4
326,D9,Suppress expensive offers,4,Behavioral tier 4
327,D10,Suppress expensive offers,2,Behavioral tier 5
328,D1,VIP: retain and reward,1,VIP retention
329,D4,Grow basket or category,0,Growth: upsell
330,D6,Low-cost nurture,0,Growth: upsell
331,D7,Low-cost nurture,4,Behavioral tier 4
332,D2,Grow basket or category,0,Growth: upsell
333,D7,Low-cost nurture,4,Behavioral tier 4
334,D3,Grow basket or category,0,Growth: upsell
335,D4,Grow basket or category,0,Growth: upsell
336,D4,Grow basket or category,3,Low-cost nurture
337,D8,Suppress expensive offers,4,Behavioral tier 4
338,D5,Low-cost nurture,1,VIP retention
339,D6,Low-cost nurture,4,Behavioral tier 4
340,D8,Suppress expensive offers,4,Behavioral tier 4
341,D9,Suppress expensive offers,2,Behavioral tier 5
342,D6,Low-cost nurture,4,Behavioral tier 4
343,D6,Low-cost nurture,0,Growth: upsell
344,D5,Low-cost nurture,3,Low-cost nurture
345,D2,Grow basket or category,0,Growth: upsell
346,D2,Grow basket or category,0,Growth: upsell
347,D9,Suppress expensive offers,2,Behavioral tier 5
348,D4,Grow basket or category,0,Growth: upsell
349,D8,Suppress expensive offers,4,Behavioral tier 4
350,D4,Grow basket or category,1,VIP retention
351,D1,VIP: retain and reward,1,VIP retention
352,D10,Suppress expensive offers,2,Behavioral tier 5
353,D3,Grow basket or category,0,Growth: upsell
354,D1,VIP: retain and reward,1,VIP retention
355,D10,Suppress expensive offers,2,Behavioral tier 5
356,D4,Grow basket or category,0,Growth: upsell
357,D6,Low-cost nurture,4,Behavioral tier 4
358,D1,VIP: retain and reward,1,VIP retention
359,D10,Suppress expensive offers,2,Behavioral tier 5
360,D9,Suppress expensive offers,4,Behavioral tier 4
361,D1,VIP: retain and reward,1,VIP retention
362,D4,Grow basket or category,1,VIP retention
363,D10,Suppress expensive offers,2,Behavioral tier 5
364,D5,Low-cost nurture,0,Growth: upsell
365,D2,Grow basket or category,1,VIP retention
366,D9,Suppress expensive offers,4,Behavioral tier 4
367,D2,Grow basket or category,1,VIP retention
368,D7,Low-cost nurture,3,Low-cost nurture
369,D8,Suppress expensive offers,3,Low-cost nurture
370,D4,Grow basket or category,3,Low-cost nurture
371,D1,VIP: retain and reward,1,VIP retention
372,D9,Suppress expensive offers,2,Behavioral tier 5
373,D10,Suppress expensive offers,2,Behavioral tier 5
374,D2,Grow basket or category,1,VIP retention
375,D10,Suppress expensive offers,4,Behavioral tier 4
376,D3,Grow basket or category,0,Growth: upsell
377,D4,Grow basket or category,0,Growth: upsell
378,D3,Grow basket or category,1,VIP retention
379,D10,Suppress expensive offers,2,Behavioral tier 5
380,D1,VIP: retain and reward,0,Growth: upsell
381,D4,Grow basket or category,0,Growth: upsell
382,D9,Suppress expensive offers,3,Low-cost nurture
383,D2,Grow basket or category,1,VIP retention
384,D3,Grow basket or category,1,VIP retention
385,D4,Grow basket or category,3,Low-cost nurture
386,D3,Grow basket or category,0,Growth: upsell
387,D2,Grow basket or category,0,Growth: upsell
388,D7,Low-cost nurture,4,Behavioral tier 4
389,D1,VIP: retain and reward,1,VIP retention
390,D6,Low-cost nurture,0,Growth: upsell
391,D7,Low-cost nurture,2,Behavioral tier 5
392,D1,VIP: retain and reward,1,VIP retention
393,D3,Grow basket or category,0,Growth: upsell
394,D7,Low-cost nurture,3,Low-cost nurture
395,D8,Suppress expensive offers,4,Behavioral tier 4
396,D6,Low-cost nurture,1,VIP retention
397,D2,Grow basket or category,1,VIP retention
398,D6,Low-cost nurture,0,Growth: upsell
399,D8,Suppress expensive offers,3,Low-cost nurture
400,D1,VIP: retain and reward,1,VIP retention
401,D5,Low-cost nurture,0,Growth: upsell
402,D5,Low-cost nurture,3,Low-cost nurture
403,D8,Suppress expensive offers,4,Behavioral tier 4
404,D2,Grow basket or category,1,VIP retention
405,D4,Grow basket or category,1,VIP retention
406,D6,Low-cost nurture,3,Low-cost nurture
407,D9,Suppress expensive offers,4,Behavioral tier 4
408,D5,Low-cost nurture,3,Low-cost nurture
409,D3,Grow basket or category,1,VIP retention
410,D8,Suppress expensive offers,0,Growth: upsell
411,D2,Grow basket or category,1,VIP retention
412,D5,Low-cost nurture,0,Growth: upsell
413,D2,Grow basket or category,1,VIP retention
414,D5,Low-cost nurture,0,Growth: upsell
415,D9,Suppress expensive offers,4,Behavioral tier 4
416,D5,Low-cost nurture,3,Low-cost nurture
417,D4,Grow basket or category,0,Growth: upsell
418,D2,Grow basket or category,1,VIP retention
419,D6,Low-cost nurture,3,Low-cost nurture
420,D6,Low-cost nurture,0,Growth: upsell
421,D2,Grow basket or category,1,VIP retention
422,D8,Suppress expensive offers,4,Behavioral tier 4
423,D10,Suppress expensive offers,2,Behavioral tier 5
424,D5,Low-cost nurture,3,Low-cost nurture
425,D2,Grow basket or category,0,Growth: upsell
426,D1,VIP: retain and reward,1,VIP retention
427,D8,Suppress expensive offers,3,Low-cost nurture
428,D4,Grow basket or category,0,Growth: upsell
429,D9,Suppress expensive offers,4,Behavioral tier 4
430,D5,Low-cost nurture,0,Growth: upsell
431,D9,Suppress expensive offers,4,Behavioral tier 4
432,D4,Grow basket or category,1,VIP retention
433,D8,Suppress expensive offers,4,Behavioral tier 4
434,D3,Grow basket or category,0,Growth: upsell
435,D6,Low-cost nurture,4,Behavioral tier 4
436,D5,Low-cost nurture,3,Low-cost nurture
437,D2,Grow basket or category,1,VIP retention
438,D3,Grow basket or category,0,Growth: upsell
439,D9,Suppress expensive offers,4,Behavioral tier 4
440,D10,Suppress expensive offers,2,Behavioral tier 5
441,D5,Low-cost nurture,0,Growth: upsell
442,D4,Grow basket or category,1,VIP retention
443,D5,Low-cost nurture,0,Growth: upsell
444,D7,Low-cost nurture,2,Behavioral tier 5
445,D5,Low-cost nurture,0,Growth: upsell
446,D10,Suppress expensive offers,2,Behavioral tier 5
447,D6,Low-cost nurture,0,Growth: upsell
448,D9,Suppress expensive offers,3,Low-cost nurture
449,D8,Suppress expensive offers,3,Low-cost nurture
450,D7,Low-cost nurture,3,Low-cost nurture
451,D5,Low-cost nurture,1,VIP retention
452,D8,Suppress expensive offers,4,Behavioral tier 4
453,D9,Suppress expensive offers,4,Behavioral tier 4
454,D1,VIP: retain and reward,0,Growth: upsell
455,D7,Low-cost nurture,4,Behavioral tier 4
456,D2,Grow basket or category,1,VIP retention
457,D9,Suppress expensive offers,4,Behavioral tier 4
458,D6,Low-cost nurture,0,Growth: upsell
459,D7,Low-cost nurture,0,Growth: upsell
460,D9,Suppress expensive offers,0,Growth: upsell
461,D9,Suppress expensive offers,4,Behavioral tier 4
462,D7,Low-cost nurture,0,Growth: upsell
463,D2,Grow basket or category,1,VIP retention
464,D4,Grow basket or category,0,Growth: upsell
465,D10,Suppress expensive offers,4,Behavioral tier 4
466,D9,Suppress expensive offers,2,Behavioral tier 5
467,D5,Low-cost nurture,0,Growth: upsell
468,D2,Grow basket or category,0,Growth: upsell
469,D1,VIP: retain and reward,1,VIP retention
470,D5,Low-cost nurture,1,VIP retention
471,D7,Low-cost nurture,3,Low-cost nurture
472,D1,VIP: retain and reward,1,VIP retention
473,D4,Grow basket or category,3,Low-cost nurture
474,D6,Low-cost nurture,4,Behavioral tier 4
475,D7,Low-cost nurture,4,Behavioral tier 4
476,D7,Low-cost nurture,4,Behavioral tier 4
477,D8,Suppress expensive offers,3,Low-cost nurture
478,D10,Suppress expensive offers,2,Behavioral tier 5
479,D6,Low-cost nurture,0,Growth: upsell
480,D4,Grow basket or category,1,VIP retention
481,D6,Low-cost nurture,3,Low-cost nurture
482,D6,Low-cost nurture,3,Low-cost nurture
483,D5,Low-cost nurture,0,Growth: upsell
484,D4,Grow basket or category,0,Growth: upsell
485,D2,Grow basket or category,1,VIP retention
486,D8,Suppress expensive offers,3,Low-cost nurture
487,D10,Suppress expensive offers,2,Behavioral tier 5
488,D9,Suppress expensive offers,2,Behavioral tier 5
489,D2,Grow basket or category,1,VIP retention
490,D3,Grow basket or category,4,Behavioral tier 4
491,D3,Grow basket or category,1,VIP retention
492,D2,Grow basket or category,1,VIP retention
493,D3,Grow basket or category,1,VIP retention
494,D10,Suppress expensive offers,2,Behavioral tier 5
495,D4,Grow basket or category,4,Behavioral tier 4
496,D9,Suppress expensive offers,2,Behavioral tier 5
497,D8,Suppress expensive offers,4,Behavioral tier 4
498,D8,Suppress expensive offers,4,Behavioral tier 4
499,D9,Suppress expensive offers,2,Behavioral tier 5
500,D10,Suppress expensive offers,2,Behavioral tier 5
501,D9,Suppress expensive offers,4,Behavioral tier 4
502,D5,Low-cost nurture,4,Behavioral tier 4
503,D3,Grow basket or category,1,VIP retention
504,D9,Suppress expensive offers,2,Behavioral tier 5
505,D10,Suppress expensive offers,4,Behavioral tier 4
506,D7,Low-cost nurture,3,Low-cost nurture
507,D7,Low-cost nurture,4,Behavioral tier 4
508,D7,Low-cost nurture,4,Behavioral tier 4
509,D10,Suppress expensive offers,2,Behavioral tier 5
510,D1,VIP: retain and reward,1,VIP retention
511,D2,Grow basket or category,1,VIP retention
512,D8,Suppress expensive offers,3,Low-cost nurture
513,D1,VIP: retain and reward,1,VIP retention
514,D5,Low-cost nurture,3,Low-cost nurture
515,D6,Low-cost nurture,4,Behavioral tier 4
516,D10,Suppress expensive offers,2,Behavioral tier 5
517,D4,Grow basket or category,1,VIP retention
518,D3,Grow basket or category,0,Growth: upsell
519,D8,Suppress expensive offers,4,Behavioral tier 4
520,D6,Low-cost nurture,0,Growth: upsell
521,D8,Suppress expensive offers,3,Low-cost nurture
522,D10,Suppress expensive offers,2,Behavioral tier 5
523,D2,Grow basket or category,1,VIP retention
524,D6,Low-cost nurture,3,Low-cost nurture
525,D8,Suppress expensive offers,4,Behavioral tier 4
526,D3,Grow basket or category,1,VIP retention
527,D4,Grow basket or category,0,Growth: upsell
528,D10,Suppress expensive offers,2,Behavioral tier 5
529,D6,Low-cost nurture,4,Behavioral tier 4
530,D7,Low-cost nurture,3,Low-cost nurture
531,D8,Suppress expensive offers,4,Behavioral tier 4
532,D9,Suppress expensive offers,2,Behavioral tier 5
533,D4,Grow basket or category,3,Low-cost nurture
534,D7,Low-cost nurture,0,Growth: upsell
535,D7,Low-cost nurture,4,Behavioral tier 4
536,D7,Low-cost nurture,0,Growth: upsell
537,D7,Low-cost nurture,3,Low-cost nurture
538,D3,Grow basket or category,3,Low-cost nurture
539,D7,Low-cost nurture,3,Low-cost nurture
540,D4,Grow basket or category,1,VIP retention
541,D6,Low-cost nurture,3,Low-cost nurture
542,D5,Low-cost nurture,0,Growth: upsell
543,D4,Grow basket or category,0,Growth: upsell
544,D7,Low-cost nurture,0,Growth: upsell
545,D5,Low-cost nurture,3,Low-cost nurture
546,D4,Grow basket or category,3,Low-cost nurture
547,D6,Low-cost nurture,4,Behavioral tier 4
548,D3,Grow basket or category,1,VIP retention
549,D5,Low-cost nurture,4,Behavioral tier 4
550,D8,Suppress expensive offers,4,Behavioral tier 4
551,D8,Suppress expensive offers,4,Behavioral tier 4
552,D5,Low-cost nurture,4,Behavioral tier 4
553,D2,Grow basket or category,1,VIP retention
554,D7,Low-cost nurture,3,Low-cost nurture
555,D9,Suppress expensive offers,2,Behavioral tier 5
556,D9,Suppress expensive offers,3,Low-cost nurture
557,D9,Suppress expensive offers,3,Low-cost nurture
558,D5,Low-cost nurture,0,Growth: upsell
559,D10,Suppress expensive offers,2,Behavioral tier 5
560,D2,Grow basket or category,1,VIP retention
561,D7,Low-cost nurture,3,Low-cost nurture
562,D4,Grow basket or category,3,Low-cost nurture
563,D5,Low-cost nurture,1,VIP retention
564,D8,Suppress expensive offers,3,Low-cost nurture
565,D9,Suppress expensive offers,3,Low-cost nurture
566,D7,Low-cost nurture,0,Growth: upsell
567,D4,Grow basket or category,0,Growth: upsell
568,D1,VIP: retain and reward,1,VIP retention
569,D2,Grow basket or category,1,VIP retention
570,D7,Low-cost nurture,4,Behavioral tier 4
571,D8,Suppress expensive offers,3,Low-cost nurture
572,D8,Suppress expensive offers,2,Behavioral tier 5
573,D4,Grow basket or category,3,Low-cost nurture
574,D2,Grow basket or category,1,VIP retention
575,D1,VIP: retain and reward,1,VIP retention
576,D4,Grow basket or category,1,VIP retention
577,D3,Grow basket or category,3,Low-cost nurture
578,D4,Grow basket or category,0,Growth: upsell
579,D9,Suppress expensive offers,4,Behavioral tier 4
580,D7,Low-cost nurture,0,Growth: upsell
581,D3,Grow basket or category,0,Growth: upsell
582,D2,Grow basket or category,1,VIP retention
583,D4,Grow basket or category,0,Growth: upsell
584,D8,Suppress expensive offers,3,Low-cost nurture
585,D8,Suppress expensive offers,4,Behavioral tier 4
586,D2,Grow basket or category,1,VIP retention
587,D10,Suppress expensive offers,4,Behavioral tier 4
588,D1,VIP: retain and reward,1,VIP retention
589,D10,Suppress expensive offers,4,Behavioral tier 4
590,D4,Grow basket or category,0,Growth: upsell
591,D1,VIP: retain and reward,1,VIP retention
592,D9,Suppress expensive offers,4,Behavioral tier 4
593,D9,Suppress expensive offers,4,Behavioral tier 4
594,D5,Low-cost nurture,0,Growth: upsell
595,D5,Low-cost nurture,0,Growth: upsell
596,D4,Grow basket or category,0,Growth: upsell
597,D3,Grow basket or category,0,Growth: upsell
598,D4,Grow basket or category,0,Growth: upsell
599,D10,Suppress expensive offers,2,Behavioral tier 5
600,D2,Grow basket or category,1,VIP retention
601,D2,Grow basket or category,1,VIP retention
602,D6,Low-cost nurture,3,Low-cost nurture
603,D4,Grow basket or category,1,VIP retention
604,D5,Low-cost nurture,3,Low-cost nurture
605,D2,Grow basket or category,1,VIP retention
606,D4,Grow basket or category,0,Growth: upsell
607,D4,Grow basket or category,0,Growth: upsell
608,D2,Grow basket or category,0,Growth: upsell
609,D6,Low-cost nurture,0,Growth: upsell
610,D9,Suppress expensive offers,4,Behavioral tier 4
611,D5,Low-cost nurture,3,Low-cost nurture
612,D3,Grow basket or category,1,VIP retention
613,D10,Suppress expensive offers,4,Behavioral tier 4
614,D5,Low-cost nurture,0,Growth: upsell
615,D10,Suppress expensive offers,3,Low-cost nurture
616,D9,Suppress expensive offers,4,Behavioral tier 4
617,D7,Low-cost nurture,4,Behavioral tier 4
618,D2,Grow basket or category,1,VIP retention
619,D10,Suppress expensive offers,2,Behavioral tier 5
620,D10,Suppress expensive offers,2,Behavioral tier 5
621,D4,Grow basket or category,0,Growth: upsell
622,D5,Low-cost nurture,0,Growth: upsell
623,D3,Grow basket or category,1,VIP retention
624,D2,Grow basket or category,1,VIP retention
625,D7,Low-cost nurture,4,Behavioral tier 4
626,D9,Suppress expensive offers,4,Behavioral tier 4
627,D6,Low-cost nurture,3,Low-cost nurture
628,D8,Suppress expensive offers,4,Behavioral tier 4
629,D10,Suppress expensive offers,2,Behavioral tier 5
630,D1,VIP: retain and reward,1,VIP retention
631,D1,VIP: retain and reward,1,VIP retention
632,D4,Grow basket or category,1,VIP retention
633,D2,Grow basket or category,1,VIP retention
634,D7,Low-cost nurture,2,Behavioral tier 5
635,D10,Suppress expensive offers,2,Behavioral tier 5
636,D1,VIP: retain and reward,1,VIP retention
637,D5,Low-cost nurture,0,Growth: upsell
638,D1,VIP: retain and reward,1,VIP retention
639,D9,Suppress expensive offers,2,Behavioral tier 5
640,D5,Low-cost nurture,3,Low-cost nurture
641,D1,VIP: retain and reward,1,VIP retention
642,D5,Low-cost nurture,3,Low-cost nurture
643,D7,Low-cost nurture,4,Behavioral tier 4
644,D4,Grow basket or category,0,Growth: upsell
645,D9,Suppress expensive offers,2,Behavioral tier 5
646,D6,Low-cost nurture,3,Low-cost nurture
647,D2,Grow basket or category,1,VIP retention
648,D6,Low-cost nurture,3,Low-cost nurture
649,D7,Low-cost nurture,4,Behavioral tier 4
650,D7,Low-cost nurture,4,Behavioral tier 4
651,D10,Suppress expensive offers,2,Behavioral tier 5
652,D6,Low-cost nurture,4,Behavioral tier 4
653,D1,VIP: retain and reward,1,VIP retention
654,D5,Low-cost nurture,0,Growth: upsell
655,D6,Low-cost nurture,3,Low-cost nurture
656,D3,Grow basket or category,1,VIP retention
657,D10,Suppress expensive offers,2,Behavioral tier 5
658,D8,Suppress expensive offers,4,Behavioral tier 4
659,D8,Suppress expensive offers,4,Behavioral tier 4
660,D1,VIP: retain and reward,1,VIP retention
661,D1,VIP: retain and reward,0,Growth: upsell
662,D7,Low-cost nurture,4,Behavioral tier 4
663,D4,Grow basket or category,0,Growth: upsell
664,D8,Suppress expensive offers,4,Behavioral tier 4
665,D9,Suppress expensive offers,4,Behavioral tier 4
666,D8,Suppress expensive offers,0,Growth: upsell
667,D8,Suppress expensive offers,0,Growth: upsell
668,D8,Suppress expensive offers,4,Behavioral tier 4
669,D1,VIP: retain and reward,1,VIP retention
670,D2,Grow basket or category,1,VIP retention
671,D2,Grow basket or category,1,VIP retention
672,D5,Low-cost nurture,0,Growth: upsell
673,D9,Suppress expensive offers,4,Behavioral tier 4
674,D3,Grow basket or category,0,Growth: upsell
675,D3,Grow basket or category,1,VIP retention
676,D1,VIP: retain and reward,0,Growth: upsell
677,D7,Low-cost nurture,3,Low-cost nurture
678,D9,Suppress expensive offers,2,Behavioral tier 5
679,D2,Grow basket or category,0,Growth: upsell
680,D4,Grow basket or category,0,Growth: upsell
681,D4,Grow basket or category,0,Growth: upsell
682,D3,Grow basket or category,3,Low-cost nurture
683,D10,Suppress expensive offers,2,Behavioral tier 5
684,D6,Low-cost nurture,0,Growth: upsell
685,D2,Grow basket or category,1,VIP retention
686,D9,Suppress expensive offers,2,Behavioral tier 5
687,D4,Grow basket or category,0,Growth: upsell
688,D4,Grow basket or category,3,Low-cost nurture
689,D10,Suppress expensive offers,2,Behavioral tier 5
690,D3,Grow basket or category,1,VIP retention
691,D5,Low-cost nurture,3,Low-cost nurture
692,D3,Grow basket or category,1,VIP retention
693,D2,Grow basket or category,0,Growth: upsell
694,D6,Low-cost nurture,0,Growth: upsell
695,D1,VIP: retain and reward,1,VIP retention
696,D1,VIP: retain and reward,1,VIP retention
697,D4,Grow basket or category,3,Low-cost nurture
698,D7,Low-cost nurture,0,Growth: upsell
699,D1,VIP: retain and reward,1,VIP retention
700,D4,Grow basket or category,3,Low-cost nurture
701,D5,Low-cost nurture,3,Low-cost nurture
702,D1,VIP: retain and reward,1,VIP retention
703,D1,VIP: retain and reward,1,VIP retention
704,D10,Suppress expensive offers,2,Behavioral tier 5
705,D7,Low-cost nurture,0,Growth: upsell
706,D3,Grow basket or category,1,VIP retention
707,D1,VIP: retain and reward,1,VIP retention
708,D4,Grow basket or category,0,Growth: upsell
709,D2,Grow basket or category,0,Growth: upsell
710,D4,Grow basket or category,0,Growth: upsell
711,D9,Suppress expensive offers,4,Behavioral tier 4
712,D1,VIP: retain and reward,1,VIP retention
713,D9,Suppress expensive offers,4,Behavioral tier 4
714,D3,Grow basket or category,0,Growth: upsell
715,D4,Grow basket or category,0,Growth: upsell
716,D7,Low-cost nurture,0,Growth: upsell
717,D9,Suppress expensive offers,3,Low-cost nurture
718,D1,VIP: retain and reward,1,VIP retention
719,D8,Suppress expensive offers,4,Behavioral tier 4
720,D6,Low-cost nurture,0,Growth: upsell
721,D9,Suppress expensive offers,4,Behavioral tier 4
722,D2,Grow basket or category,1,VIP retention
723,D7,Low-cost nurture,4,Behavioral tier 4
724,D9,Suppress expensive offers,3,Low-cost nurture
725,D3,Grow basket or category,0,Growth: upsell
726,D5,Low-cost nurture,0,Growth: upsell
727,D3,Grow basket or category,0,Growth: upsell
728,D1,VIP: retain and reward,1,VIP retention
729,D8,Suppress expensive offers,3,Low-cost nurture
730,D8,Suppress expensive offers,0,Growth: upsell
731,D4,Grow basket or category,1,VIP retention
732,D3,Grow basket or category,0,Growth: upsell
733,D5,Low-cost nurture,0,Growth: upsell
734,D7,Low-cost nurture,3,Low-cost nurture
735,D8,Suppress expensive offers,4,Behavioral tier 4
736,D4,Grow basket or category,3,Low-cost nurture
737,D7,Low-cost nurture,3,Low-cost nurture
738,D5,Low-cost nurture,0,Growth: upsell
739,D10,Suppress expensive offers,2,Behavioral tier 5
740,D2,Grow basket or category,1,VIP retention
741,D4,Grow basket or category,1,VIP retention
742,D3,Grow basket or category,0,Growth: upsell
743,D6,Low-cost nurture,3,Low-cost nurture
744,D3,Grow basket or category,1,VIP retention
745,D2,Grow basket or category,0,Growth: upsell
746,D9,Suppress expensive offers,2,Behavioral tier 5
747,D7,Low-cost nurture,0,Growth: upsell
748,D5,Low-cost nurture,0,Growth: upsell
749,D8,Suppress expensive offers,4,Behavioral tier 4
750,D9,Suppress expensive offers,4,Behavioral tier 4
751,D9,Suppress expensive offers,4,Behavioral tier 4
752,D3,Grow basket or category,1,VIP retention
753,D5,Low-cost nurture,4,Behavioral tier 4
754,D7,Low-cost nurture,3,Low-cost nurture
755,D1,VIP: retain and reward,1,VIP retention
756,D9,Suppress expensive offers,4,Behavioral tier 4
757,D6,Low-cost nurture,3,Low-cost nurture
758,D10,Suppress expensive offers,2,Behavioral tier 5
759,D7,Low-cost nurture,3,Low-cost nurture
760,D6,Low-cost nurture,3,Low-cost nurture
761,D1,VIP: retain and reward,1,VIP retention
762,D1,VIP: retain and reward,1,VIP retention
763,D4,Grow basket or category,3,Low-cost nurture
764,D4,Grow basket or category,1,VIP retention
765,D7,Low-cost nurture,3,Low-cost nurture
766,D1,VIP: retain and reward,1,VIP retention
767,D9,Suppress expensive offers,4,Behavioral tier 4
768,D2,Grow basket or category,1,VIP retention
769,D7,Low-cost nurture,3,Low-cost nurture
770,D5,Low-cost nurture,3,Low-cost nurture
771,D1,VIP: retain and reward,0,Growth: upsell
772,D10,Suppress expensive offers,2,Behavioral tier 5
773,D8,Suppress expensive offers,4,Behavioral tier 4
774,D8,Suppress expensive offers,4,Behavioral tier 4
775,D8,Suppress expensive offers,2,Behavioral tier 5
776,D4,Grow basket or category,0,Growth: upsell
777,D5,Low-cost nurture,3,Low-cost nurture
778,D5,Low-cost nurture,3,Low-cost nurture
779,D3,Grow basket or category,0,Growth: upsell
780,D9,Suppress expensive offers,4,Behavioral tier 4
781,D6,Low-cost nurture,4,Behavioral tier 4
782,D7,Low-cost nurture,3,Low-cost nurture
783,D10,Suppress expensive offers,2,Behavioral tier 5
784,D4,Grow basket or category,1,VIP retention
785,D6,Low-cost nurture,3,Low-cost nurture
786,D2,Grow basket or category,0,Growth: upsell
787,D5,Low-cost nurture,0,Growth: upsell
788,D1,VIP: retain and reward,1,VIP retention
789,D10,Suppress expensive offers,4,Behavioral tier 4
790,D4,Grow basket or category,3,Low-cost nurture
791,D10,Suppress expensive offers,2,Behavioral tier 5
792,D10,Suppress expensive offers,4,Behavioral tier 4
793,D6,Low-cost nurture,3,Low-cost nurture
794,D6,Low-cost nurture,3,Low-cost nurture
795,D7,Low-cost nurture,4,Behavioral tier 4
796,D9,Suppress expensive offers,4,Behavioral tier 4
797,D4,Grow basket or category,0,Growth: upsell
798,D7,Low-cost nurture,3,Low-cost nurture
799,D6,Low-cost nurture,0,Growth: upsell
800,D1,VIP: retain and reward,0,Growth: upsell
801,D6,Low-cost nurture,4,Behavioral tier 4
802,D6,Low-cost nurture,3,Low-cost nurture
803,D6,Low-cost nurture,0,Growth: upsell
804,D3,Grow basket or category,0,Growth: upsell
805,D2,Grow basket or category,1,VIP retention
806,D2,Grow basket or category,1,VIP retention
807,D3,Grow basket or category,1,VIP retention
808,D5,Low-cost nurture,0,Growth: upsell
809,D9,Suppress expensive offers,4,Behavioral tier 4
810,D9,Suppress expensive offers,2,Behavioral tier 5
811,D9,Suppress expensive offers,4,Behavioral tier 4
812,D8,Suppress expensive offers,4,Behavioral tier 4
813,D6,Low-cost nurture,3,Low-cost nurture
814,D8,Suppress expensive offers,3,Low-cost nurture
815,D6,Low-cost nurture,4,Behavioral tier 4
816,D4,Grow basket or category,1,VIP retention
817,D3,Grow basket or category,0,Growth: upsell
818,D6,Low-cost nurture,3,Low-cost nurture
819,D10,Suppress expensive offers,2,Behavioral tier 5
820,D3,Grow basket or category,1,VIP retention
821,D9,Suppress expensive offers,2,Behavioral tier 5
822,D8,Suppress expensive offers,4,Behavioral tier 4
823,D5,Low-cost nurture,1,VIP retention
824,D7,Low-cost nurture,4,Behavioral tier 4
825,D1,VIP: retain and reward,1,VIP retention
826,D10,Suppress expensive offers,2,Behavioral tier 5
827,D10,Suppress expensive offers,4,Behavioral tier 4
828,D8,Suppress expensive offers,3,Low-cost nurture
829,D6,Low-cost nurture,3,Low-cost nurture
830,D6,Low-cost nurture,0,Growth: upsell
831,D1,VIP: retain and reward,1,VIP retention
832,D9,Suppress expensive offers,4,Behavioral tier 4
833,D6,Low-cost nurture,3,Low-cost nurture
834,D8,Suppress expensive offers,3,Low-cost nurture
835,D10,Suppress expensive offers,2,Behavioral tier 5
836,D7,Low-cost nurture,0,Growth: upsell
837,D8,Suppress expensive offers,4,Behavioral tier 4
838,D10,Suppress expensive offers,4,Behavioral tier 4
839,D8,Suppress expensive offers,3,Low-cost nurture
840,D1,VIP: retain and reward,1,VIP retention
841,D5,Low-cost nurture,0,Growth: upsell
842,D1,VIP: retain and reward,1,VIP retention
843,D5,Low-cost nurture,0,Growth: upsell
844,D2,Grow basket or category,1,VIP retention
845,D2,Grow basket or category,1,VIP retention
846,D8,Suppress expensive offers,4,Behavioral tier 4
847,D7,Low-cost nurture,3,Low-cost nurture
848,D5,Low-cost nurture,4,Behavioral tier 4
849,D3,Grow basket or category,3,Low-cost nurture
850,D7,Low-cost nurture,0,Growth: upsell
851,D10,Suppress expensive offers,2,Behavioral tier 5
852,D6,Low-cost nurture,0,Growth: upsell
853,D1,VIP: retain and reward,1,VIP retention
854,D9,Suppress expensive offers,4,Behavioral tier 4
855,D2,Grow basket or category,0,Growth: upsell
856,D3,Grow basket or category,1,VIP retention
857,D3,Grow basket or category,3,Low-cost nurture
858,D9,Suppress expensive offers,4,Behavioral tier 4
859,D2,Grow basket or category,1,VIP retention
860,D10,Suppress expensive offers,2,Behavioral tier 5
861,D7,Low-cost nurture,3,Low-cost nurture
862,D6,Low-cost nurture,4,Behavioral tier 4
863,D5,Low-cost nurture,1,VIP retention
864,D1,VIP: retain and reward,1,VIP retention
865,D6,Low-cost nurture,3,Low-cost nurture
866,D2,Grow basket or category,1,VIP retention
867,D2,Grow basket or category,1,VIP retention
868,D2,Grow basket or category,1,VIP retention
869,D7,Low-cost nurture,0,Growth: upsell
870,D10,Suppress expensive offers,2,Behavioral tier 5
871,D1,VIP: retain and reward,1,VIP retention
872,D10,Suppress expensive offers,2,Behavioral tier 5
873,D4,Grow basket or category,0,Growth: upsell
874,D10,Suppress expensive offers,2,Behavioral tier 5
875,D7,Low-cost nurture,4,Behavioral tier 4
876,D2,Grow basket or category,1,VIP retention
877,D4,Grow basket or category,3,Low-cost nurture
878,D2,Grow basket or category,0,Growth: upsell
879,D5,Low-cost nurture,3,Low-cost nurture
880,D10,Suppress expensive offers,2,Behavioral tier 5
881,D3,Grow basket or category,0,Growth: upsell
882,D3,Grow basket or category,0,Growth: upsell
883,D1,VIP: retain and reward,1,VIP retention
884,D9,Suppress expensive offers,4,Behavioral tier 4
885,D5,Low-cost nurture,3,Low-cost nurture
886,D3,Grow basket or category,1,VIP retention
887,D8,Suppress expensive offers,4,Behavioral tier 4
888,D1,VIP: retain and reward,1,VIP retention
889,D1,VIP: retain and reward,1,VIP retention
890,D8,Suppress expensive offers,3,Low-cost nurture
891,D2,Grow basket or category,1,VIP retention
892,D9,Suppress expensive offers,4,Behavioral tier 4
893,D3,Grow basket or category,0,Growth: upsell
894,D8,Suppress expensive offers,4,Behavioral tier 4
895,D1,VIP: retain and reward,1,VIP retention
896,D2,Grow basket or category,1,VIP retention
897,D8,Suppress expensive offers,4,Behavioral tier 4
898,D1,VIP: retain and reward,1,VIP retention
899,D10,Suppress expensive offers,2,Behavioral tier 5
900,D1,VIP: retain and reward,1,VIP retention
901,D5,Low-cost nurture,0,Growth: upsell
902,D10,Suppress expensive offers,2,Behavioral tier 5
903,D4,Grow basket or category,0,Growth: upsell
904,D8,Suppress expensive offers,3,Low-cost nurture
905,D8,Suppress expensive offers,3,Low-cost nurture
906,D2,Grow basket or category,1,VIP retention
907,D6,Low-cost nurture,0,Growth: upsell
908,D2,Grow basket or category,1,VIP retention
909,D1,VIP: retain and reward,1,VIP retention
910,D8,Suppress expensive offers,3,Low-cost nurture
911,D4,Grow basket or category,3,Low-cost nurture
912,D8,Suppress expensive offers,3,Low-cost nurture
913,D6,Low-cost nurture,3,Low-cost nurture
914,D6,Low-cost nurture,3,Low-cost nurture
915,D8,Suppress expensive offers,0,Growth: upsell
916,D4,Grow basket or category,1,VIP retention
917,D9,Suppress expensive offers,2,Behavioral tier 5
918,D4,Grow basket or category,3,Low-cost nurture
919,D7,Low-cost nurture,0,Growth: upsell
920,D2,Grow basket or category,1,VIP retention
921,D10,Suppress expensive offers,2,Behavioral tier 5
922,D4,Grow basket or category,1,VIP retention
923,D4,Grow basket or category,1,VIP retention
924,D5,Low-cost nurture,0,Growth: upsell
925,D9,Suppress expensive offers,4,Behavioral tier 4
926,D2,Grow basket or category,1,VIP retention
927,D7,Low-cost nurture,3,Low-cost nurture
928,D4,Grow basket or category,1,VIP retention
929,D2,Grow basket or category,1,VIP retention
930,D8,Suppress expensive offers,4,Behavioral tier 4
931,D3,Grow basket or category,3,Low-cost nurture
932,D2,Grow basket or category,0,Growth: upsell
933,D5,Low-cost nurture,3,Low-cost nurture
934,D1,VIP: retain and reward,1,VIP retention
935,D7,Low-cost nurture,3,Low-cost nurture
936,D2,Grow basket or category,0,Growth: upsell
937,D6,Low-cost nurture,0,Growth: upsell
938,D6,Low-cost nurture,3,Low-cost nurture
939,D2,Grow basket or category,0,Growth: upsell
940,D7,Low-cost nurture,4,Behavioral tier 4
941,D5,Low-cost nurture,1,VIP retention
942,D2,Grow basket or category,0,Growth: upsell
943,D4,Grow basket or category,3,Low-cost nurture
944,D4,Grow basket or category,1,VIP retention
945,D6,Low-cost nurture,3,Low-cost nurture
946,D5,Low-cost nurture,0,Growth: upsell
947,D5,Low-cost nurture,0,Growth: upsell
948,D10,Suppress expensive offers,2,Behavioral tier 5
949,D2,Grow basket or category,1,VIP retention
950,D6,Low-cost nurture,3,Low-cost nurture
951,D9,Suppress expensive offers,3,Low-cost nurture
952,D5,Low-cost nurture,0,Growth: upsell
953,D5,Low-cost nurture,0,Growth: upsell
954,D5,Low-cost nurture,4,Behavioral tier 4
955,D3,Grow basket or category,0,Growth: upsell
956,D1,VIP: retain and reward,1,VIP retention
957,D4,Grow basket or category,0,Growth: upsell
958,D10,Suppress expensive offers,4,Behavioral tier 4
959,D8,Suppress expensive offers,3,Low-cost nurture
960,D5,Low-cost nurture,0,Growth: upsell
961,D3,Grow basket or category,3,Low-cost nurture
962,D7,Low-cost nurture,4,Behavioral tier 4
963,D6,Low-cost nurture,3,Low-cost nurture
964,D6,Low-cost nurture,0,Growth: upsell
965,D6,Low-cost nurture,4,Behavioral tier 4
966,D10,Suppress expensive offers,2,Behavioral tier 5
967,D10,Suppress expensive offers,2,Behavioral tier 5
968,D1,VIP: retain and reward,1,VIP retention
969,D10,Suppress expensive offers,2,Behavioral tier 5
970,D9,Suppress expensive offers,3,Low-cost nurture
971,D4,Grow basket or category,0,Growth: upsell
972,D3,Grow basket or category,0,Growth: upsell
973,D1,VIP: retain and reward,1,VIP retention
974,D6,Low-cost nurture,3,Low-cost nurture
975,D3,Grow basket or category,1,VIP retention
976,D2,Grow basket or category,1,VIP retention
977,D8,Suppress expensive offers,4,Behavioral tier 4
978,D4,Grow basket or category,3,Low-cost nurture
979,D1,VIP: retain and reward,1,VIP retention
980,D7,Low-cost nurture,3,Low-cost nurture
981,D7,Low-cost nurture,4,Behavioral tier 4
982,D1,VIP: retain and reward,1,VIP retention
983,D3,Grow basket or category,0,Growth: upsell
984,D7,Low-cost nurture,4,Behavioral tier 4
985,D6,Low-cost nurture,0,Growth: upsell
986,D6,Low-cost nurture,4,Behavioral tier 4
987,D5,Low-cost nurture,0,Growth: upsell
988,D2,Grow basket or category,1,VIP retention
989,D3,Grow basket or category,1,VIP retention
990,D10,Suppress expensive offers,2,Behavioral tier 5
991,D7,Low-cost nurture,3,Low-cost nurture
992,D8,Suppress expensive offers,3,Low-cost nurture
993,D4,Grow basket or category,0,Growth: upsell
994,D9,Suppress expensive offers,4,Behavioral tier 4
995,D7,Low-cost nurture,3,Low-cost nurture
996,D5,Low-cost nurture,0,Growth: upsell
997,D3,Grow basket or category,1,VIP retention
998,D1,VIP: retain and reward,1,VIP retention
999,D6,Low-cost nurture,4,Behavioral tier 4
1000,D3,Grow basket or category,1,VIP retention
1001,D3,Grow basket or category,0,Growth: upsell
1002,D8,Suppress expensive offers,4,Behavioral tier 4
1003,D5,Low-cost nurture,3,Low-cost nurture
1004,D4,Grow basket or category,0,Growth: upsell
1005,D5,Low-cost nurture,0,Growth: upsell
1006,D10,Suppress expensive offers,2,Behavioral tier 5
1007,D7,Low-cost nurture,0,Growth: upsell
1008,D9,Suppress expensive offers,3,Low-cost nurture
1009,D10,Suppress expensive offers,2,Behavioral tier 5
1010,D5,Low-cost nurture,1,VIP retention
1011,D4,Grow basket or category,1,VIP retention
1012,D5,Low-cost nurture,3,Low-cost nurture
1013,D8,Suppress expensive offers,4,Behavioral tier 4
1014,D3,Grow basket or category,1,VIP retention
1015,D3,Grow basket or category,0,Growth: upsell
1016,D4,Grow basket or category,3,Low-cost nurture
1017,D4,Grow basket or category,0,Growth: upsell
1018,D6,Low-cost nurture,0,Growth: upsell
1019,D7,Low-cost nurture,3,Low-cost nurture
1020,D1,VIP: retain and reward,1,VIP retention
1021,D6,Low-cost nurture,0,Growth: upsell
1022,D10,Suppress expensive offers,2,Behavioral tier 5
1023,D1,VIP: retain and reward,1,VIP retention
1024,D1,VIP: retain and reward,1,VIP retention
1025,D4,Grow basket or category,4,Behavioral tier 4
1026,D9,Suppress expensive offers,2,Behavioral tier 5
1027,D8,Suppress expensive offers,4,Behavioral tier 4
1028,D10,Suppress expensive offers,2,Behavioral tier 5
1029,D1,VIP: retain and reward,1,VIP retention
1030,D7,Low-cost nurture,3,Low-cost nurture
1031,D3,Grow basket or category,3,Low-cost nurture
1032,D5,Low-cost nurture,3,Low-cost nurture
1033,D7,Low-cost nurture,4,Behavioral tier 4
1034,D8,Suppress expensive offers,3,Low-cost nurture
1035,D10,Suppress expensive offers,2,Behavioral tier 5
1036,D7,Low-cost nurture,4,Behavioral tier 4
1037,D8,Suppress expensive offers,3,Low-cost nurture
1038,D7,Low-cost nurture,0,Growth: upsell
1039,D2,Grow basket or category,0,Growth: upsell
1040,D2,Grow basket or category,0,Growth: upsell
1041,D2,Grow basket or category,0,Growth: upsell
1042,D2,Grow basket or category,1,VIP retention
1043,D8,Suppress expensive offers,4,Behavioral tier 4
1044,D9,Suppress expensive offers,4,Behavioral tier 4
1045,D3,Grow basket or category,1,VIP retention
1046,D3,Grow basket or category,1,VIP retention
1047,D8,Suppress expensive offers,4,Behavioral tier 4
1048,D6,Low-cost nurture,3,Low-cost nurture
1049,D9,Suppress expensive offers,4,Behavioral tier 4
1050,D2,Grow basket or category,1,VIP retention
1051,D5,Low-cost nurture,3,Low-cost nurture
1052,D10,Suppress expensive offers,2,Behavioral tier 5
1053,D3,Grow basket or category,1,VIP retention
1054,D8,Suppress expensive offers,4,Behavioral tier 4
1055,D7,Low-cost nurture,4,Behavioral tier 4
1056,D3,Grow basket or category,3,Low-cost nurture
1057,D1,VIP: retain and reward,0,Growth: upsell
1058,D4,Grow basket or category,0,Growth: upsell
1059,D10,Suppress expensive offers,2,Behavioral tier 5
1060,D2,Grow basket or category,3,Low-cost nurture
1061,D2,Grow basket or category,1,VIP retention
1062,D7,Low-cost nurture,0,Growth: upsell
1063,D7,Low-cost nurture,4,Behavioral tier 4
1064,D4,Grow basket or category,4,Behavioral tier 4
1065,D2,Grow basket or category,3,Low-cost nurture
1066,D4,Grow basket or category,0,Growth: upsell
1067,D4,Grow basket or category,1,VIP retention
1068,D7,Low-cost nurture,4,Behavioral tier 4
1069,D4,Grow basket or category,3,Low-cost nurture
1070,D2,Grow basket or category,1,VIP retention
1071,D6,Low-cost nurture,0,Growth: upsell
1072,D5,Low-cost nurture,0,Growth: upsell
1073,D4,Grow basket or category,0,Growth: upsell
1074,D1,VIP: retain and reward,1,VIP retention
1075,D7,Low-cost nurture,3,Low-cost nurture
1076,D5,Low-cost nurture,0,Growth: upsell
1077,D7,Low-cost nurture,3,Low-cost nurture
1078,D2,Grow basket or category,1,VIP retention
1079,D8,Suppress expensive offers,3,Low-cost nurture
1080,D5,Low-cost nurture,4,Behavioral tier 4
1081,D1,VIP: retain and reward,1,VIP retention
1082,D6,Low-cost nurture,0,Growth: upsell
1083,D7,Low-cost nurture,3,Low-cost nurture
1084,D5,Low-cost nurture,0,Growth: upsell
1085,D3,Grow basket or category,1,VIP retention
1086,D7,Low-cost nurture,3,Low-cost nurture
1087,D4,Grow basket or category,0,Growth: upsell
1088,D7,Low-cost nurture,4,Behavioral tier 4
1089,D5,Low-cost nurture,3,Low-cost nurture
1090,D10,Suppress expensive offers,2,Behavioral tier 5
1091,D2,Grow basket or category,1,VIP retention
1092,D8,Suppress expensive offers,4,Behavioral tier 4
1093,D8,Suppress expensive offers,4,Behavioral tier 4
1094,D2,Grow basket or category,1,VIP retention
1095,D9,Suppress expensive offers,2,Behavioral tier 5
1096,D9,Suppress expensive offers,2,Behavioral tier 5
1097,D1,VIP: retain and reward,1,VIP retention
1098,D1,VIP: retain and reward,1,VIP retention
1099,D9,Suppress expensive offers,4,Behavioral tier 4
1100,D10,Suppress expensive offers,2,Behavioral tier 5
1101,D10,Suppress expensive offers,2,Behavioral tier 5
1102,D5,Low-cost nurture,0,Growth: upsell
1103,D2,Grow basket or category,1,VIP retention
1104,D4,Grow basket or category,0,Growth: upsell
1105,D9,Suppress expensive offers,3,Low-cost nurture
1106,D9,Suppress expensive offers,4,Behavioral tier 4
1107,D8,Suppress expensive offers,4,Behavioral tier 4
1108,D10,Suppress expensive offers,2,Behavioral tier 5
1109,D4,Grow basket or category,0,Growth: upsell
1110,D2,Grow basket or category,0,Growth: upsell
1111,D1,VIP: retain and reward,1,VIP retention
1112,D6,Low-cost nurture,3,Low-cost nurture
1113,D3,Grow basket or category,0,Growth: upsell
1114,D8,Suppress expensive offers,4,Behavioral tier 4
1115,D6,Low-cost nurture,3,Low-cost nurture
1116,D4,Grow basket or category,4,Behavioral tier 4
1117,D4,Grow basket or category,0,Growth: upsell
1118,D8,Suppress expensive offers,2,Behavioral tier 5
1119,D5,Low-cost nurture,0,Growth: upsell
1120,D6,Low-cost nurture,0,Growth: upsell
1121,D5,Low-cost nurture,4,Behavioral tier 4
1122,D7,Low-cost nurture,4,Behavioral tier 4
1123,D3,Grow basket or category,3,Low-cost nurture
1124,D6,Low-cost nurture,0,Growth: upsell
1125,D9,Suppress expensive offers,0,Growth: upsell
1126,D5,Low-cost nurture,4,Behavioral tier 4
1127,D7,Low-cost nurture,4,Behavioral tier 4
1128,D4,Grow basket or category,1,VIP retention
1129,D5,Low-cost nurture,3,Low-cost nurture
1130,D2,Grow basket or category,0,Growth: upsell
1131,D4,Grow basket or category,0,Growth: upsell
1132,D6,Low-cost nurture,4,Behavioral tier 4
1133,D7,Low-cost nurture,0,Growth: upsell
1134,D3,Grow basket or category,3,Low-cost nurture
1135,D9,Suppress expensive offers,4,Behavioral tier 4
1136,D6,Low-cost nurture,4,Behavioral tier 4
1137,D6,Low-cost nurture,0,Growth: upsell
1138,D3,Grow basket or category,0,Growth: upsell
1139,D1,VIP: retain and reward,1,VIP retention
1140,D8,Suppress expensive offers,3,Low-cost nurture
1141,D8,Suppress expensive offers,4,Behavioral tier 4
1142,D1,VIP: retain and reward,1,VIP retention
1143,D10,Suppress expensive offers,2,Behavioral tier 5
1144,D10,Suppress expensive offers,2,Behavioral tier 5
1145,D3,Grow basket or category,0,Growth: upsell
1146,D1,VIP: retain and reward,1,VIP retention
1147,D3,Grow basket or category,3,Low-cost nurture
1148,D9,Suppress expensive offers,3,Low-cost nurture
1149,D10,Suppress expensive offers,2,Behavioral tier 5
1150,D8,Suppress expensive offers,2,Behavioral tier 5
1151,D4,Grow basket or category,0,Growth: upsell
1152,D7,Low-cost nurture,3,Low-cost nurture
1153,D8,Suppress expensive offers,4,Behavioral tier 4
1154,D3,Grow basket or category,0,Growth: upsell
1155,D6,Low-cost nurture,4,Behavioral tier 4
1156,D8,Suppress expensive offers,3,Low-cost nurture
1157,D4,Grow basket or category,0,Growth: upsell
1158,D4,Grow basket or category,0,Growth: upsell
1159,D3,Grow basket or category,1,VIP retention
1160,D3,Grow basket or category,0,Growth: upsell
1161,D7,Low-cost nurture,4,Behavioral tier 4
1162,D9,Suppress expensive offers,2,Behavioral tier 5
1163,D3,Grow basket or category,1,VIP retention
1164,D3,Grow basket or category,1,VIP retention
1165,D7,Low-cost nurture,3,Low-cost nurture
1166,D1,VIP: retain and reward,1,VIP retention
1167,D2,Grow basket or category,1,VIP retention
1168,D8,Suppress expensive offers,3,Low-cost nurture
1169,D2,Grow basket or category,1,VIP retention
1170,D10,Suppress expensive offers,2,Behavioral tier 5
1171,D8,Suppress expensive offers,3,Low-cost nurture
1172,D3,Grow basket or category,0,Growth: upsell
1173,D9,Suppress expensive offers,3,Low-cost nurture
1174,D6,Low-cost nurture,0,Growth: upsell
1175,D2,Grow basket or category,1,VIP retention
1176,D10,Suppress expensive offers,2,Behavioral tier 5
1177,D10,Suppress expensive offers,2,Behavioral tier 5
1178,D3,Grow basket or category,1,VIP retention
1179,D1,VIP: retain and reward,1,VIP retention
1180,D2,Grow basket or category,1,VIP retention
1181,D5,Low-cost nurture,0,Growth: upsell
1182,D6,Low-cost nurture,3,Low-cost nurture
1183,D10,Suppress expensive offers,4,Behavioral tier 4
1184,D9,Suppress expensive offers,3,Low-cost nurture
1185,D7,Low-cost nurture,4,Behavioral tier 4
1186,D2,Grow basket or category,1,VIP retention
1187,D4,Grow basket or category,0,Growth: upsell
1188,D4,Grow basket or category,0,Growth: upsell
1189,D8,Suppress expensive offers,3,Low-cost nurture
1190,D4,Grow basket or category,1,VIP retention
1191,D5,Low-cost nurture,0,Growth: upsell
1192,D7,Low-cost nurture,0,Growth: upsell
1193,D3,Grow basket or category,0,Growth: upsell
1194,D7,Low-cost nurture,4,Behavioral tier 4
1195,D7,Low-cost nurture,3,Low-cost nurture
1196,D6,Low-cost nurture,3,Low-cost nurture
1197,D1,VIP: retain and reward,1,VIP retention
1198,D8,Suppress expensive offers,4,Behavioral tier 4
1199,D10,Suppress expensive offers,2,Behavioral tier 5
1200,D7,Low-cost nurture,3,Low-cost nurture
1201,D9,Suppress expensive offers,4,Behavioral tier 4
1202,D9,Suppress expensive offers,4,Behavioral tier 4
1203,D2,Grow basket or category,1,VIP retention
1204,D6,Low-cost nurture,0,Growth: upsell
1205,D3,Grow basket or category,0,Growth: upsell
1206,D2,Grow basket or category,0,Growth: upsell
1207,D8,Suppress expensive offers,4,Behavioral tier 4
1208,D8,Suppress expensive offers,3,Low-cost nurture
1209,D10,Suppress expensive offers,4,Behavioral tier 4
1210,D8,Suppress expensive offers,4,Behavioral tier 4
1211,D1,VIP: retain and reward,1,VIP retention
1212,D10,Suppress expensive offers,2,Behavioral tier 5
1213,D9,Suppress expensive offers,3,Low-cost nurture
1214,D10,Suppress expensive offers,2,Behavioral tier 5
1215,D8,Suppress expensive offers,3,Low-cost nurture
1216,D2,Grow basket or category,0,Growth: upsell
1217,D5,Low-cost nurture,3,Low-cost nurture
1218,D4,Grow basket or category,1,VIP retention
1219,D8,Suppress expensive offers,0,Growth: upsell
1220,D8,Suppress expensive offers,4,Behavioral tier 4
1221,D9,Suppress expensive offers,2,Behavioral tier 5
1222,D2,Grow basket or category,0,Growth: upsell
1223,D6,Low-cost nurture,4,Behavioral tier 4
1224,D5,Low-cost nurture,0,Growth: upsell
1225,D7,Low-cost nurture,4,Behavioral tier 4
1226,D2,Grow basket or category,1,VIP retention
1227,D3,Grow basket or category,1,VIP retention
1228,D1,VIP: retain and reward,1,VIP retention
1229,D1,VIP: retain and reward,1,VIP retention
1230,D10,Suppress expensive offers,2,Behavioral tier 5
1231,D6,Low-cost nurture,4,Behavioral tier 4
1232,D9,Suppress expensive offers,2,Behavioral tier 5
1233,D6,Low-cost nurture,3,Low-cost nurture
1234,D2,Grow basket or category,0,Growth: upsell
1235,D8,Suppress expensive offers,3,Low-cost nurture
1236,D3,Grow basket or category,0,Growth: upsell
1237,D8,Suppress expensive offers,3,Low-cost nurture
1238,D3,Grow basket or category,4,Behavioral tier 4
1239,D6,Low-cost nurture,4,Behavioral tier 4
1240,D1,VIP: retain and reward,1,VIP retention
1241,D6,Low-cost nurture,0,Growth: upsell
1242,D8,Suppress expensive offers,4,Behavioral tier 4
1243,D10,Suppress expensive offers,2,Behavioral tier 5
1244,D9,Suppress expensive offers,4,Behavioral tier 4
1245,D3,Grow basket or category,1,VIP retention
1246,D2,Grow basket or category,1,VIP retention
1247,D2,Grow basket or category,1,VIP retention
1248,D1,VIP: retain and reward,1,VIP retention
1249,D9,Suppress expensive offers,4,Behavioral tier 4
1250,D10,Suppress expensive offers,2,Behavioral tier 5
1251,D10,Suppress expensive offers,4,Behavioral tier 4
1252,D8,Suppress expensive offers,4,Behavioral tier 4
1253,D9,Suppress expensive offers,2,Behavioral tier 5
1254,D10,Suppress expensive offers,2,Behavioral tier 5
1255,D9,Suppress expensive offers,4,Behavioral tier 4
1256,D2,Grow basket or category,1,VIP retention
1257,D7,Low-cost nurture,3,Low-cost nurture
1258,D4,Grow basket or category,0,Growth: upsell
1259,D8,Suppress expensive offers,4,Behavioral tier 4
1260,D1,VIP: retain and reward,1,VIP retention
1261,D3,Grow basket or category,1,VIP retention
1262,D8,Suppress expensive offers,4,Behavioral tier 4
1263,D2,Grow basket or category,3,Low-cost nurture
1264,D2,Grow basket or category,1,VIP retention
1265,D7,Low-cost nurture,4,Behavioral tier 4
1266,D6,Low-cost nurture,0,Growth: upsell
1267,D6,Low-cost nurture,3,Low-cost nurture
1268,D4,Grow basket or category,0,Growth: upsell
1269,D5,Low-cost nurture,0,Growth: upsell
1270,D4,Grow basket or category,3,Low-cost nurture
1271,D3,Grow basket or category,0,Growth: upsell
1272,D1,VIP: retain and reward,1,VIP retention
1273,D10,Suppress expensive offers,2,Behavioral tier 5
1274,D1,VIP: retain and reward,1,VIP retention
1275,D10,Suppress expensive offers,2,Behavioral tier 5
1276,D9,Suppress expensive offers,3,Low-cost nurture
1277,D2,Grow basket or category,0,Growth: upsell
1278,D9,Suppress expensive offers,4,Behavioral tier 4
1279,D3,Grow basket or category,1,VIP retention
1280,D9,Suppress expensive offers,3,Low-cost nurture
1281,D8,Suppress expensive offers,3,Low-cost nurture
1282,D2,Grow basket or category,0,Growth: upsell
1283,D10,Suppress expensive offers,4,Behavioral tier 4
1284,D6,Low-cost nurture,0,Growth: upsell
1285,D3,Grow basket or category,0,Growth: upsell
1286,D9,Suppress expensive offers,2,Behavioral tier 5
1287,D4,Grow basket or category,0,Growth: upsell
1288,D6,Low-cost nurture,3,Low-cost nurture
1289,D7,Low-cost nurture,0,Growth: upsell
1290,D8,Suppress expensive offers,3,Low-cost nurture
1291,D4,Grow basket or category,0,Growth: upsell
1292,D9,Suppress expensive offers,2,Behavioral tier 5
1293,D5,Low-cost nurture,0,Growth: upsell
1294,D3,Grow basket or category,3,Low-cost nurture
1295,D6,Low-cost nurture,4,Behavioral tier 4
1296,D6,Low-cost nurture,0,Growth: upsell
1297,D5,Low-cost nurture,1,VIP retention
1298,D7,Low-cost nurture,4,Behavioral tier 4
1299,D2,Grow basket or category,1,VIP retention
1300,D4,Grow basket or category,3,Low-cost nurture
1301,D7,Low-cost nurture,0,Growth: upsell
1302,D9,Suppress expensive offers,3,Low-cost nurture
1303,D2,Grow basket or category,1,VIP retention
1304,D8,Suppress expensive offers,4,Behavioral tier 4
1305,D1,VIP: retain and reward,1,VIP retention
1306,D4,Grow basket or category,0,Growth: upsell
1307,D6,Low-cost nurture,1,VIP retention
1308,D10,Suppress expensive offers,2,Behavioral tier 5
1309,D10,Suppress expensive offers,2,Behavioral tier 5
1310,D8,Suppress expensive offers,4,Behavioral tier 4
1311,D9,Suppress expensive offers,2,Behavioral tier 5
1312,D3,Grow basket or category,1,VIP retention
1313,D8,Suppress expensive offers,4,Behavioral tier 4
1314,D1,VIP: retain and reward,1,VIP retention
1315,D9,Suppress expensive offers,2,Behavioral tier 5
1316,D4,Grow basket or category,3,Low-cost nurture
1317,D3,Grow basket or category,0,Growth: upsell
1318,D2,Grow basket or category,1,VIP retention
1319,D8,Suppress expensive offers,4,Behavioral tier 4
1320,D10,Suppress expensive offers,4,Behavioral tier 4
1321,D6,Low-cost nurture,0,Growth: upsell
1322,D10,Suppress expensive offers,2,Behavioral tier 5
1323,D10,Suppress expensive offers,4,Behavioral tier 4
1324,D5,Low-cost nurture,4,Behavioral tier 4
1325,D4,Grow basket or category,3,Low-cost nurture
1326,D1,VIP: retain and reward,1,VIP retention
1327,D9,Suppress expensive offers,2,Behavioral tier 5
1328,D5,Low-cost nurture,3,Low-cost nurture
1329,D7,Low-cost nurture,3,Low-cost nurture
1330,D5,Low-cost nurture,3,Low-cost nurture
1331,D6,Low-cost nurture,0,Growth: upsell
1332,D6,Low-cost nurture,3,Low-cost nurture
1333,D1,VIP: retain and reward,1,VIP retention
1334,D9,Suppress expensive offers,4,Behavioral tier 4
1335,D8,Suppress expensive offers,4,Behavioral tier 4
1336,D2,Grow basket or category,0,Growth: upsell
1337,D1,VIP: retain and reward,1,VIP retention
1338,D6,Low-cost nurture,0,Growth: upsell
1339,D9,Suppress expensive offers,4,Behavioral tier 4
1340,D9,Suppress expensive offers,4,Behavioral tier 4
1341,D9,Suppress expensive offers,4,Behavioral tier 4
1342,D10,Suppress expensive offers,2,Behavioral tier 5
1343,D10,Suppress expensive offers,2,Behavioral tier 5
1344,D5,Low-cost nurture,3,Low-cost nurture
1345,D7,Low-cost nurture,4,Behavioral tier 4
1346,D7,Low-cost nurture,0,Growth: upsell
1347,D4,Grow basket or category,1,VIP retention
1348,D10,Suppress expensive offers,2,Behavioral tier 5
1349,D2,Grow basket or category,1,VIP retention
1350,D5,Low-cost nurture,0,Growth: upsell
1351,D9,Suppress expensive offers,4,Behavioral tier 4
1352,D2,Grow basket or category,1,VIP retention
1353,D3,Grow basket or category,0,Growth: upsell
1354,D5,Low-cost nurture,1,VIP retention
1355,D9,Suppress expensive offers,4,Behavioral tier 4
1356,D5,Low-cost nurture,0,Growth: upsell
1357,D4,Grow basket or category,0,Growth: upsell
1358,D5,Low-cost nurture,4,Behavioral tier 4
1359,D7,Low-cost nurture,4,Behavioral tier 4
1360,D9,Suppress expensive offers,2,Behavioral tier 5
1361,D9,Suppress expensive offers,4,Behavioral tier 4
1362,D7,Low-cost nurture,4,Behavioral tier 4
1363,D3,Grow basket or category,3,Low-cost nurture
1364,D5,Low-cost nurture,0,Growth: upsell
1365,D10,Suppress expensive offers,2,Behavioral tier 5
1366,D3,Grow basket or category,0,Growth: upsell
1367,D1,VIP: retain and reward,1,VIP retention
1368,D4,Grow basket or category,3,Low-cost nurture
1369,D4,Grow basket or category,0,Growth: upsell
1370,D1,VIP: retain and reward,1,VIP retention
1371,D8,Suppress expensive offers,4,Behavioral tier 4
1372,D7,Low-cost nurture,3,Low-cost nurture
1373,D9,Suppress expensive offers,3,Low-cost nurture
1374,D4,Grow basket or category,0,Growth: upsell
1375,D4,Grow basket or category,0,Growth: upsell
1376,D1,VIP: retain and reward,1,VIP retention
1377,D8,Suppress expensive offers,3,Low-cost nurture
1378,D2,Grow basket or category,1,VIP retention
1379,D1,VIP: retain and reward,1,VIP retention
1380,D10,Suppress expensive offers,2,Behavioral tier 5
1381,D10,Suppress expensive offers,4,Behavioral tier 4
1382,D4,Grow basket or category,0,Growth: upsell
1383,D7,Low-cost nurture,0,Growth: upsell
1384,D8,Suppress expensive offers,4,Behavioral tier 4
1385,D2,Grow basket or category,0,Growth: upsell
1386,D10,Suppress expensive offers,2,Behavioral tier 5
1387,D6,Low-cost nurture,0,Growth: upsell
1388,D2,Grow basket or category,1,VIP retention
1389,D4,Grow basket or category,3,Low-cost nurture
1390,D3,Grow basket or category,0,Growth: upsell
1391,D1,VIP: retain and reward,1,VIP retention
1392,D5,Low-cost nurture,0,Growth: upsell
1393,D2,Grow basket or category,1,VIP retention
1394,D3,Grow basket or category,0,Growth: upsell
1395,D8,Suppress expensive offers,3,Low-cost nurture
1396,D2,Grow basket or category,1,VIP retention
1397,D2,Grow basket or category,0,Growth: upsell
1398,D9,Suppress expensive offers,4,Behavioral tier 4
1399,D8,Suppress expensive offers,4,Behavioral tier 4
1400,D10,Suppress expensive offers,4,Behavioral tier 4
1401,D9,Suppress expensive offers,4,Behavioral tier 4
1402,D5,Low-cost nurture,0,Growth: upsell
1403,D4,Grow basket or category,1,VIP retention
1404,D7,Low-cost nurture,4,Behavioral tier 4
1405,D5,Low-cost nurture,3,Low-cost nurture
1406,D3,Grow basket or category,1,VIP retention
1407,D7,Low-cost nurture,3,Low-cost nurture
1408,D8,Suppress expensive offers,4,Behavioral tier 4
1409,D3,Grow basket or category,0,Growth: upsell
1410,D5,Low-cost nurture,3,Low-cost nurture
1411,D10,Suppress expensive offers,2,Behavioral tier 5
1412,D3,Grow basket or category,0,Growth: upsell
1413,D10,Suppress expensive offers,2,Behavioral tier 5
1414,D10,Suppress expensive offers,4,Behavioral tier 4
1415,D10,Suppress expensive offers,2,Behavioral tier 5
1416,D10,Suppress expensive offers,2,Behavioral tier 5
1417,D4,Grow basket or category,3,Low-cost nurture
1418,D5,Low-cost nurture,3,Low-cost nurture
1419,D1,VIP: retain and reward,0,Growth: upsell
1420,D3,Grow basket or category,3,Low-cost nurture
1421,D2,Grow basket or category,1,VIP retention
1422,D9,Suppress expensive offers,4,Behavioral tier 4
1423,D6,Low-cost nurture,0,Growth: upsell
1424,D9,Suppress expensive offers,4,Behavioral tier 4
1425,D3,Grow basket or category,0,Growth: upsell
1426,D5,Low-cost nurture,3,Low-cost nurture
1427,D5,Low-cost nurture,0,Growth: upsell
1428,D3,Grow basket or category,1,VIP retention
1429,D8,Suppress expensive offers,4,Behavioral tier 4
1430,D1,VIP: retain and reward,1,VIP retention
1431,D5,Low-cost nurture,0,Growth: upsell
1432,D10,Suppress expensive offers,4,Behavioral tier 4
1433,D10,Suppress expensive offers,2,Behavioral tier 5
1434,D3,Grow basket or category,0,Growth: upsell
1435,D9,Suppress expensive offers,2,Behavioral tier 5
1436,D10,Suppress expensive offers,2,Behavioral tier 5
1437,D3,Grow basket or category,0,Growth: upsell
1438,D6,Low-cost nurture,3,Low-cost nurture
1439,D9,Suppress expensive offers,4,Behavioral tier 4
1440,D5,Low-cost nurture,0,Growth: upsell
1441,D9,Suppress expensive offers,2,Behavioral tier 5
1442,D10,Suppress expensive offers,4,Behavioral tier 4
1443,D5,Low-cost nurture,0,Growth: upsell
1444,D10,Suppress expensive offers,2,Behavioral tier 5
1445,D2,Grow basket or category,0,Growth: upsell
1446,D6,Low-cost nurture,3,Low-cost nurture
1447,D9,Suppress expensive offers,3,Low-cost nurture
1448,D6,Low-cost nurture,3,Low-cost nurture
1449,D9,Suppress expensive offers,2,Behavioral tier 5
1450,D6,Low-cost nurture,3,Low-cost nurture
1451,D2,Grow basket or category,1,VIP retention
1452,D6,Low-cost nurture,0,Growth: upsell
1453,D1,VIP: retain and reward,1,VIP retention
1454,D3,Grow basket or category,1,VIP retention
1455,D8,Suppress expensive offers,3,Low-cost nurture
1456,D7,Low-cost nurture,4,Behavioral tier 4
1457,D5,Low-cost nurture,3,Low-cost nurture
1458,D4,Grow basket or category,1,VIP retention
1459,D3,Grow basket or category,3,Low-cost nurture
1460,D5,Low-cost nurture,3,Low-cost nurture
1461,D2,Grow basket or category,1,VIP retention
1462,D3,Grow basket or category,1,VIP retention
1463,D4,Grow basket or category,1,VIP retention
1464,D5,Low-cost nurture,3,Low-cost nurture
1465,D8,Suppress expensive offers,3,Low-cost nurture
1466,D8,Suppress expensive offers,3,Low-cost nurture
1467,D4,Grow basket or category,0,Growth: upsell
1468,D3,Grow basket or category,3,Low-cost nurture
1469,D8,Suppress expensive offers,2,Behavioral tier 5
1470,D6,Low-cost nurture,0,Growth: upsell
1471,D9,Suppress expensive offers,3,Low-cost nurture
1472,D10,Suppress expensive offers,2,Behavioral tier 5
1473,D3,Grow basket or category,0,Growth: upsell
1474,D5,Low-cost nurture,4,Behavioral tier 4
1475,D1,VIP: retain and reward,1,VIP retention
1476,D1,VIP: retain and reward,1,VIP retention
1477,D10,Suppress expensive offers,2,Behavioral tier 5
1478,D10,Suppress expensive offers,2,Behavioral tier 5
1479,D1,VIP: retain and reward,1,VIP retention
1480,D10,Suppress expensive offers,4,Behavioral tier 4
1481,D4,Grow basket or category,1,VIP retention
1482,D8,Suppress expensive offers,2,Behavioral tier 5
1483,D3,Grow basket or category,1,VIP retention
1484,D4,Grow basket or category,0,Growth: upsell
1485,D5,Low-cost nurture,3,Low-cost nurture
1486,D9,Suppress expensive offers,4,Behavioral tier 4
1487,D7,Low-cost nurture,3,Low-cost nurture
1488,D4,Grow basket or category,3,Low-cost nurture
1489,D1,VIP: retain and reward,1,VIP retention
1490,D3,Grow basket or category,1,VIP retention
1491,D2,Grow basket or category,0,Growth: upsell
1492,D7,Low-cost nurture,0,Growth: upsell
1493,D8,Suppress expensive offers,4,Behavioral tier 4
1494,D5,Low-cost nurture,0,Growth: upsell
1495,D6,Low-cost nurture,0,Growth: upsell
1496,D8,Suppress expensive offers,2,Behavioral tier 5
1497,D9,Suppress expensive offers,3,Low-cost nurture
1498,D8,Suppress expensive offers,4,Behavioral tier 4
1499,D6,Low-cost nurture,0,Growth: upsell
1500,D8,Suppress expensive offers,4,Behavioral tier 4
1501,D1,VIP: retain and reward,1,VIP retention
1502,D5,Low-cost nurture,3,Low-cost nurture
1503,D10,Suppress expensive offers,2,Behavioral tier 5
1504,D10,Suppress expensive offers,2,Behavioral tier 5
1505,D3,Grow basket or category,3,Low-cost nurture
1506,D5,Low-cost nurture,0,Growth: upsell
1507,D7,Low-cost nurture,3,Low-cost nurture
1508,D6,Low-cost nurture,3,Low-cost nurture
1509,D2,Grow basket or category,1,VIP retention
1510,D1,VIP: retain and reward,1,VIP retention
1511,D4,Grow basket or category,0,Growth: upsell
1512,D6,Low-cost nurture,3,Low-cost nurture
1513,D8,Suppress expensive offers,4,Behavioral tier 4
1514,D5,Low-cost nurture,4,Behavioral tier 4
1515,D3,Grow basket or category,0,Growth: upsell
1516,D10,Suppress expensive offers,2,Behavioral tier 5
1517,D3,Grow basket or category,0,Growth: upsell
1518,D7,Low-cost nurture,3,Low-cost nurture
1519,D5,Low-cost nurture,3,Low-cost nurture
1520,D3,Grow basket or category,1,VIP retention
1521,D9,Suppress expensive offers,4,Behavioral tier 4
1522,D8,Suppress expensive offers,4,Behavioral tier 4
1523,D6,Low-cost nurture,3,Low-cost nurture
1524,D4,Grow basket or category,3,Low-cost nurture
1525,D6,Low-cost nurture,4,Behavioral tier 4
1526,D4,Grow basket or category,0,Growth: upsell
1527,D1,VIP: retain and reward,1,VIP retention
1528,D1,VIP: retain and reward,1,VIP retention
1529,D1,VIP: retain and reward,1,VIP retention
1530,D8,Suppress expensive offers,3,Low-cost nurture
1531,D8,Suppress expensive offers,4,Behavioral tier 4
1532,D6,Low-cost nurture,3,Low-cost nurture
1533,D10,Suppress expensive offers,2,Behavioral tier 5
1534,D1,VIP: retain and reward,1,VIP retention
1535,D1,VIP: retain and reward,1,VIP retention
1536,D2,Grow basket or category,1,VIP retention
1537,D4,Grow basket or category,3,Low-cost nurture
1538,D9,Suppress expensive offers,4,Behavioral tier 4
1539,D10,Suppress expensive offers,2,Behavioral tier 5
1540,D4,Grow basket or category,0,Growth: upsell
1541,D1,VIP: retain and reward,1,VIP retention
1542,D6,Low-cost nurture,0,Growth: upsell
1543,D5,Low-cost nurture,4,Behavioral tier 4
1544,D5,Low-cost nurture,3,Low-cost nurture
1545,D3,Grow basket or category,1,VIP retention
1546,D3,Grow basket or category,0,Growth: upsell
1547,D5,Low-cost nurture,0,Growth: upsell
1548,D3,Grow basket or category,0,Growth: upsell
1549,D6,Low-cost nurture,1,VIP retention
1550,D5,Low-cost nurture,0,Growth: upsell
1551,D8,Suppress expensive offers,3,Low-cost nurture
1552,D8,Suppress expensive offers,4,Behavioral tier 4
1553,D10,Suppress expensive offers,2,Behavioral tier 5
1554,D8,Suppress expensive offers,3,Low-cost nurture
1555,D7,Low-cost nurture,4,Behavioral tier 4
1556,D3,Grow basket or category,0,Growth: upsell
1557,D2,Grow basket or category,1,VIP retention
1558,D3,Grow basket or category,0,Growth: upsell
1559,D5,Low-cost nurture,3,Low-cost nurture
1560,D7,Low-cost nurture,4,Behavioral tier 4
1561,D9,Suppress expensive offers,2,Behavioral tier 5
1562,D7,Low-cost nurture,4,Behavioral tier 4
1563,D3,Grow basket or category,1,VIP retention
1564,D9,Suppress expensive offers,2,Behavioral tier 5
1565,D9,Suppress expensive offers,4,Behavioral tier 4
1566,D1,VIP: retain and reward,1,VIP retention
1567,D6,Low-cost nurture,0,Growth: upsell
1568,D3,Grow basket or category,0,Growth: upsell
1569,D7,Low-cost nurture,0,Growth: upsell
1570,D5,Low-cost nurture,3,Low-cost nurture
1571,D9,Suppress expensive offers,3,Low-cost nurture
1572,D5,Low-cost nurture,3,Low-cost nurture
1573,D10,Suppress expensive offers,4,Behavioral tier 4
1574,D4,Grow basket or category,4,Behavioral tier 4
1575,D6,Low-cost nurture,3,Low-cost nurture
1576,D9,Suppress expensive offers,4,Behavioral tier 4
1577,D3,Grow basket or category,3,Low-cost nurture
1578,D4,Grow basket or category,0,Growth: upsell
1579,D1,VIP: retain and reward,1,VIP retention
1580,D6,Low-cost nurture,0,Growth: upsell
1581,D7,Low-cost nurture,4,Behavioral tier 4
1582,D6,Low-cost nurture,3,Low-cost nurture
1583,D10,Suppress expensive offers,2,Behavioral tier 5
1584,D2,Grow basket or category,1,VIP retention
1585,D1,VIP: retain and reward,1,VIP retention
1586,D5,Low-cost nurture,0,Growth: upsell
1587,D9,Suppress expensive offers,4,Behavioral tier 4
1588,D2,Grow basket or category,1,VIP retention
1589,D10,Suppress expensive offers,4,Behavioral tier 4
1590,D1,VIP: retain and reward,1,VIP retention
1591,D3,Grow basket or category,1,VIP retention
1592,D5,Low-cost nurture,3,Low-cost nurture
1593,D6,Low-cost nurture,3,Low-cost nurture
1594,D4,Grow basket or category,3,Low-cost nurture
1595,D2,Grow basket or category,1,VIP retention
1596,D6,Low-cost nurture,3,Low-cost nurture
1597,D8,Suppress expensive offers,3,Low-cost nurture
1598,D1,VIP: retain and reward,1,VIP retention
1599,D2,Grow basket or category,0,Growth: upsell
1600,D8,Suppress expensive offers,3,Low-cost nurture
1601,D7,Low-cost nurture,3,Low-cost nurture
1602,D2,Grow basket or category,1,VIP retention
1603,D9,Suppress expensive offers,2,Behavioral tier 5
1604,D8,Suppress expensive offers,0,Growth: upsell
1605,D9,Suppress expensive offers,4,Behavioral tier 4
1606,D8,Suppress expensive offers,3,Low-cost nurture
1607,D3,Grow basket or category,4,Behavioral tier 4
1608,D7,Low-cost nurture,3,Low-cost nurture
1609,D1,VIP: retain and reward,1,VIP retention
1610,D10,Suppress expensive offers,2,Behavioral tier 5
1611,D9,Suppress expensive offers,4,Behavioral tier 4
1612,D1,VIP: retain and reward,1,VIP retention
1613,D2,Grow basket or category,0,Growth: upsell
1614,D9,Suppress expensive offers,4,Behavioral tier 4
1615,D8,Suppress expensive offers,3,Low-cost nurture
1616,D7,Low-cost nurture,4,Behavioral tier 4
1617,D3,Grow basket or category,3,Low-cost nurture
1618,D3,Grow basket or category,1,VIP retention
1619,D3,Grow basket or category,1,VIP retention
1620,D1,VIP: retain and reward,1,VIP retention
1621,D4,Grow basket or category,0,Growth: upsell
1622,D3,Grow basket or category,1,VIP retention
1623,D3,Grow basket or category,1,VIP retention
1624,D7,Low-cost nurture,3,Low-cost nurture
1625,D9,Suppress expensive offers,4,Behavioral tier 4
1626,D10,Suppress expensive offers,2,Behavioral tier 5
1627,D4,Grow basket or category,1,VIP retention
1628,D9,Suppress expensive offers,4,Behavioral tier 4
1629,D9,Suppress expensive offers,2,Behavioral tier 5
1630,D1,VIP: retain and reward,1,VIP retention
1631,D1,VIP: retain and reward,0,Growth: upsell
1632,D6,Low-cost nurture,3,Low-cost nurture
1633,D1,VIP: retain and reward,1,VIP retention
1634,D3,Grow basket or category,0,Growth: upsell
1635,D10,Suppress expensive offers,2,Behavioral tier 5
1636,D7,Low-cost nurture,4,Behavioral tier 4
1637,D7,Low-cost nurture,4,Behavioral tier 4
1638,D9,Suppress expensive offers,4,Behavioral tier 4
1639,D5,Low-cost nurture,0,Growth: upsell
1640,D3,Grow basket or category,1,VIP retention
1641,D9,Suppress expensive offers,3,Low-cost nurture
1642,D6,Low-cost nurture,0,Growth: upsell
1643,D7,Low-cost nurture,4,Behavioral tier 4
1644,D9,Suppress expensive offers,4,Behavioral tier 4
1645,D10,Suppress expensive offers,2,Behavioral tier 5
1646,D7,Low-cost nurture,4,Behavioral tier 4
1647,D10,Suppress expensive offers,2,Behavioral tier 5
1648,D2,Grow basket or category,1,VIP retention
1649,D8,Suppress expensive offers,3,Low-cost nurture
1650,D5,Low-cost nurture,0,Growth: upsell
1651,D6,Low-cost nurture,3,Low-cost nurture
1652,D8,Suppress expensive offers,4,Behavioral tier 4
1653,D1,VIP: retain and reward,1,VIP retention
1654,D8,Suppress expensive offers,3,Low-cost nurture
1655,D9,Suppress expensive offers,4,Behavioral tier 4
1656,D9,Suppress expensive offers,2,Behavioral tier 5
1657,D9,Suppress expensive offers,3,Low-cost nurture
1658,D6,Low-cost nurture,4,Behavioral tier 4
1659,D4,Grow basket or category,0,Growth: upsell
1660,D6,Low-cost nurture,4,Behavioral tier 4
1661,D7,Low-cost nurture,3,Low-cost nurture
1662,D1,VIP: retain and reward,1,VIP retention
1663,D6,Low-cost nurture,0,Growth: upsell
1664,D5,Low-cost nurture,3,Low-cost nurture
1665,D7,Low-cost nurture,0,Growth: upsell
1666,D8,Suppress expensive offers,4,Behavioral tier 4
1667,D8,Suppress expensive offers,4,Behavioral tier 4
1668,D5,Low-cost nurture,3,Low-cost nurture
1669,D10,Suppress expensive offers,4,Behavioral tier 4
1670,D10,Suppress expensive offers,2,Behavioral tier 5
1671,D7,Low-cost nurture,4,Behavioral tier 4
1672,D6,Low-cost nurture,3,Low-cost nurture
1673,D3,Grow basket or category,1,VIP retention
1674,D10,Suppress expensive offers,2,Behavioral tier 5
1675,D3,Grow basket or category,1,VIP retention
1676,D2,Grow basket or category,1,VIP retention
1677,D1,VIP: retain and reward,1,VIP retention
1678,D5,Low-cost nurture,3,Low-cost nurture
1679,D10,Suppress expensive offers,4,Behavioral tier 4
1680,D6,Low-cost nurture,4,Behavioral tier 4
1681,D5,Low-cost nurture,3,Low-cost nurture
1682,D10,Suppress expensive offers,2,Behavioral tier 5
1683,D6,Low-cost nurture,3,Low-cost nurture
1684,D7,Low-cost nurture,3,Low-cost nurture
1685,D7,Low-cost nurture,0,Growth: upsell
1686,D7,Low-cost nurture,0,Growth: upsell
1687,D4,Grow basket or category,0,Growth: upsell
1688,D8,Suppress expensive offers,3,Low-cost nurture
1689,D5,Low-cost nurture,1,VIP retention
1690,D7,Low-cost nurture,4,Behavioral tier 4
1691,D5,Low-cost nurture,4,Behavioral tier 4
1692,D6,Low-cost nurture,0,Growth: upsell
1693,D1,VIP: retain and reward,1,VIP retention
1694,D1,VIP: retain and reward,1,VIP retention
1695,D7,Low-cost nurture,0,Growth: upsell
1696,D5,Low-cost nurture,3,Low-cost nurture
1697,D8,Suppress expensive offers,4,Behavioral tier 4
1698,D6,Low-cost nurture,3,Low-cost nurture
1699,D8,Suppress expensive offers,4,Behavioral tier 4
1700,D7,Low-cost nurture,4,Behavioral tier 4
1701,D7,Low-cost nurture,3,Low-cost nurture
1702,D6,Low-cost nurture,3,Low-cost nurture
1703,D3,Grow basket or category,0,Growth: upsell
1704,D9,Suppress expensive offers,4,Behavioral tier 4
1705,D6,Low-cost nurture,0,Growth: upsell
1706,D10,Suppress expensive offers,4,Behavioral tier 4
1707,D2,Grow basket or category,0,Growth: upsell
1708,D4,Grow basket or category,4,Behavioral tier 4
1709,D6,Low-cost nurture,0,Growth: upsell
1710,D1,VIP: retain and reward,1,VIP retention
1711,D9,Suppress expensive offers,3,Low-cost nurture
1712,D9,Suppress expensive offers,4,Behavioral tier 4
1713,D6,Low-cost nurture,4,Behavioral tier 4
1714,D10,Suppress expensive offers,2,Behavioral tier 5
1715,D8,Suppress expensive offers,3,Low-cost nurture
1716,D6,Low-cost nurture,0,Growth: upsell
1717,D6,Low-cost nurture,4,Behavioral tier 4
1718,D8,Suppress expensive offers,4,Behavioral tier 4
1719,D4,Grow basket or category,0,Growth: upsell
1720,D2,Grow basket or category,1,VIP retention
1721,D10,Suppress expensive offers,4,Behavioral tier 4
1722,D1,VIP: retain and reward,1,VIP retention
1723,D3,Grow basket or category,3,Low-cost nurture
1724,D5,Low-cost nurture,0,Growth: upsell
1725,D8,Suppress expensive offers,3,Low-cost nurture
1726,D1,VIP: retain and reward,1,VIP retention
1727,D10,Suppress expensive offers,2,Behavioral tier 5
1728,D7,Low-cost nurture,4,Behavioral tier 4
1729,D4,Grow basket or category,0,Growth: upsell
1730,D4,Grow basket or category,0,Growth: upsell
1731,D4,Grow basket or category,1,VIP retention
1732,D4,Grow basket or category,0,Growth: upsell
1733,D7,Low-cost nurture,3,Low-cost nurture
1734,D10,Suppress expensive offers,2,Behavioral tier 5
1735,D3,Grow basket or category,1,VIP retention
1736,D10,Suppress expensive offers,2,Behavioral tier 5
1737,D10,Suppress expensive offers,4,Behavioral tier 4
1738,D7,Low-cost nurture,4,Behavioral tier 4
1739,D8,Suppress expensive offers,4,Behavioral tier 4
1740,D1,VIP: retain and reward,1,VIP retention
1741,D10,Suppress expensive offers,2,Behavioral tier 5
1742,D6,Low-cost nurture,0,Growth: upsell
1743,D7,Low-cost nurture,3,Low-cost nurture
1744,D8,Suppress expensive offers,3,Low-cost nurture
1745,D5,Low-cost nurture,0,Growth: upsell
1746,D5,Low-cost nurture,3,Low-cost nurture
1747,D4,Grow basket or category,1,VIP retention
1748,D2,Grow basket or category,1,VIP retention
1749,D3,Grow basket or category,1,VIP retention
1750,D9,Suppress expensive offers,4,Behavioral tier 4
1751,D3,Grow basket or category,0,Growth: upsell
1752,D2,Grow basket or category,1,VIP retention
1753,D4,Grow basket or category,0,Growth: upsell
1754,D3,Grow basket or category,0,Growth: upsell
1755,D7,Low-cost nurture,4,Behavioral tier 4
1756,D4,Grow basket or category,1,VIP retention
1757,D10,Suppress expensive offers,2,Behavioral tier 5
1758,D6,Low-cost nurture,4,Behavioral tier 4
1759,D3,Grow basket or category,0,Growth: upsell
1760,D9,Suppress expensive offers,4,Behavioral tier 4
1761,D6,Low-cost nurture,3,Low-cost nurture
1762,D1,VIP: retain and reward,1,VIP retention
1763,D3,Grow basket or category,0,Growth: upsell
1764,D1,VIP: retain and reward,1,VIP retention
1765,D4,Grow basket or category,3,Low-cost nurture
1766,D9,Suppress expensive offers,4,Behavioral tier 4
1767,D1,VIP: retain and reward,1,VIP retention
1768,D7,Low-cost nurture,0,Growth: upsell
1769,D2,Grow basket or category,1,VIP retention
1770,D1,VIP: retain and reward,1,VIP retention
1771,D9,Suppress expensive offers,2,Behavioral tier 5
1772,D5,Low-cost nurture,0,Growth: upsell
1773,D4,Grow basket or category,1,VIP retention
1774,D3,Grow basket or category,0,Growth: upsell
1775,D1,VIP: retain and reward,1,VIP retention
1776,D4,Grow basket or category,0,Growth: upsell
1777,D7,Low-cost nurture,0,Growth: upsell
1778,D1,VIP: retain and reward,1,VIP retention
1779,D4,Grow basket or category,0,Growth: upsell
1780,D7,Low-cost nurture,4,Behavioral tier 4
1781,D4,Grow basket or category,1,VIP retention
1782,D6,Low-cost nurture,3,Low-cost nurture
1783,D3,Grow basket or category,1,VIP retention
1784,D6,Low-cost nurture,3,Low-cost nurture
1785,D7,Low-cost nurture,0,Growth: upsell
1786,D9,Suppress expensive offers,3,Low-cost nurture
1787,D8,Suppress expensive offers,4,Behavioral tier 4
1788,D1,VIP: retain and reward,1,VIP retention
1789,D10,Suppress expensive offers,2,Behavioral tier 5
1790,D6,Low-cost nurture,4,Behavioral tier 4
1791,D4,Grow basket or category,1,VIP retention
1792,D4,Grow basket or category,3,Low-cost nurture
1793,D6,Low-cost nurture,3,Low-cost nurture
1794,D4,Grow basket or category,3,Low-cost nurture
1795,D1,VIP: retain and reward,0,Growth: upsell
1796,D5,Low-cost nurture,3,Low-cost nurture
1797,D2,Grow basket or category,1,VIP retention
1798,D5,Low-cost nurture,3,Low-cost nurture
1799,D9,Suppress expensive offers,2,Behavioral tier 5
1800,D4,Grow basket or category,1,VIP retention
1801,D9,Suppress expensive offers,3,Low-cost nurture
1802,D3,Grow basket or category,3,Low-cost nurture
1803,D1,VIP: retain and reward,1,VIP retention
1804,D1,VIP: retain and reward,1,VIP retention
1805,D8,Suppress expensive offers,3,Low-cost nurture
1806,D3,Grow basket or category,0,Growth: upsell
1807,D1,VIP: retain and reward,1,VIP retention
1808,D6,Low-cost nurture,3,Low-cost nurture
1809,D7,Low-cost nurture,4,Behavioral tier 4
1810,D3,Grow basket or category,0,Growth: upsell
1811,D8,Suppress expensive offers,3,Low-cost nurture
1812,D6,Low-cost nurture,0,Growth: upsell
1813,D10,Suppress expensive offers,2,Behavioral tier 5
1814,D3,Grow basket or category,3,Low-cost nurture
1815,D3,Grow basket or category,1,VIP retention
1816,D3,Grow basket or category,1,VIP retention
1817,D8,Suppress expensive offers,3,Low-cost nurture
1818,D7,Low-cost nurture,3,Low-cost nurture
1819,D7,Low-cost nurture,3,Low-cost nurture
1820,D3,Grow basket or category,3,Low-cost nurture
1821,D3,Grow basket or category,1,VIP retention
1822,D4,Grow basket or category,0,Growth: upsell
1823,D1,VIP: retain and reward,1,VIP retention
1824,D4,Grow basket or category,0,Growth: upsell
1825,D6,Low-cost nurture,3,Low-cost nurture
1826,D6,Low-cost nurture,0,Growth: upsell
1827,D9,Suppress expensive offers,4,Behavioral tier 4
1828,D2,Grow basket or category,3,Low-cost nurture
1829,D2,Grow basket or category,1,VIP retention
1830,D10,Suppress expensive offers,2,Behavioral tier 5
1831,D2,Grow basket or category,1,VIP retention
1832,D7,Low-cost nurture,3,Low-cost nurture
1833,D4,Grow basket or category,0,Growth: upsell
1834,D4,Grow basket or category,0,Growth: upsell
1835,D1,VIP: retain and reward,1,VIP retention
1836,D4,Grow basket or category,1,VIP retention
1837,D1,VIP: retain and reward,1,VIP retention
1838,D7,Low-cost nurture,4,Behavioral tier 4
1839,D6,Low-cost nurture,0,Growth: upsell
1840,D10,Suppress expensive offers,2,Behavioral tier 5
1841,D5,Low-cost nurture,3,Low-cost nurture
1842,D8,Suppress expensive offers,3,Low-cost nurture
1843,D8,Suppress expensive offers,2,Behavioral tier 5
1844,D7,Low-cost nurture,3,Low-cost nurture
1845,D1,VIP: retain and reward,1,VIP retention
1846,D9,Suppress expensive offers,4,Behavioral tier 4
1847,D5,Low-cost nurture,0,Growth: upsell
1848,D1,VIP: retain and reward,1,VIP retention
1849,D5,Low-cost nurture,0,Growth: upsell
1850,D2,Grow basket or category,1,VIP retention
1851,D7,Low-cost nurture,4,Behavioral tier 4
1852,D1,VIP: retain and reward,1,VIP retention
1853,D10,Suppress expensive offers,4,Behavioral tier 4
1854,D1,VIP: retain and reward,1,VIP retention
1855,D10,Suppress expensive offers,2,Behavioral tier 5
1856,D3,Grow basket or category,0,Growth: upsell
1857,D6,Low-cost nurture,3,Low-cost nurture
1858,D4,Grow basket or category,0,Growth: upsell
1859,D6,Low-cost nurture,3,Low-cost nurture
1860,D9,Suppress expensive offers,4,Behavioral tier 4
1861,D6,Low-cost nurture,0,Growth: upsell
1862,D5,Low-cost nurture,3,Low-cost nurture
1863,D9,Suppress expensive offers,2,Behavioral tier 5
1864,D1,VIP: retain and reward,1,VIP retention
1865,D2,Grow basket or category,1,VIP retention
1866,D10,Suppress expensive offers,2,Behavioral tier 5
1867,D8,Suppress expensive offers,4,Behavioral tier 4
1868,D9,Suppress expensive offers,4,Behavioral tier 4
1869,D4,Grow basket or category,0,Growth: upsell
1870,D10,Suppress expensive offers,4,Behavioral tier 4
1871,D9,Suppress expensive offers,2,Behavioral tier 5
1872,D4,Grow basket or category,1,VIP retention
1873,D2,Grow basket or category,1,VIP retention
1874,D8,Suppress expensive offers,3,Low-cost nurture
1875,D8,Suppress expensive offers,3,Low-cost nurture
1876,D10,Suppress expensive offers,2,Behavioral tier 5
1877,D6,Low-cost nurture,4,Behavioral tier 4
1878,D9,Suppress expensive offers,4,Behavioral tier 4
1879,D3,Grow basket or category,0,Growth: upsell
1880,D8,Suppress expensive offers,4,Behavioral tier 4
1881,D4,Grow basket or category,1,VIP retention
1882,D9,Suppress expensive offers,2,Behavioral tier 5
1883,D5,Low-cost nurture,0,Growth: upsell
1884,D9,Suppress expensive offers,3,Low-cost nurture
1885,D10,Suppress expensive offers,3,Low-cost nurture
1886,D9,Suppress expensive offers,2,Behavioral tier 5
1887,D8,Suppress expensive offers,4,Behavioral tier 4
1888,D10,Suppress expensive offers,2,Behavioral tier 5
1889,D6,Low-cost nurture,3,Low-cost nurture
1890,D6,Low-cost nurture,3,Low-cost nurture
1891,D7,Low-cost nurture,4,Behavioral tier 4
1892,D2,Grow basket or category,1,VIP retention
1893,D10,Suppress expensive offers,3,Low-cost nurture
1894,D5,Low-cost nurture,3,Low-cost nurture
1895,D8,Suppress expensive offers,4,Behavioral tier 4
1896,D4,Grow basket or category,1,VIP retention
1897,D10,Suppress expensive offers,2,Behavioral tier 5
1898,D9,Suppress expensive offers,4,Behavioral tier 4
1899,D1,VIP: retain and reward,1,VIP retention
1900,D1,VIP: retain and reward,1,VIP retention
1901,D1,VIP: retain and reward,1,VIP retention
1902,D6,Low-cost nurture,4,Behavioral tier 4
1903,D8,Suppress expensive offers,4,Behavioral tier 4
1904,D10,Suppress expensive offers,2,Behavioral tier 5
1905,D6,Low-cost nurture,3,Low-cost nurture
1906,D1,VIP: retain and reward,1,VIP retention
1907,D1,VIP: retain and reward,1,VIP retention
1908,D9,Suppress expensive offers,2,Behavioral tier 5
1909,D9,Suppress expensive offers,2,Behavioral tier 5
1910,D9,Suppress expensive offers,2,Behavioral tier 5
1911,D7,Low-cost nurture,3,Low-cost nurture
1912,D5,Low-cost nurture,0,Growth: upsell
1913,D8,Suppress expensive offers,4,Behavioral tier 4
1914,D3,Grow basket or category,0,Growth: upsell
1915,D9,Suppress expensive offers,3,Low-cost nurture
1916,D4,Grow basket or category,0,Growth: upsell
1917,D2,Grow basket or category,0,Growth: upsell
1918,D4,Grow basket or category,3,Low-cost nurture
1919,D3,Grow basket or category,1,VIP retention
1920,D6,Low-cost nurture,0,Growth: upsell
1921,D7,Low-cost nurture,3,Low-cost nurture
1922,D4,Grow basket or category,1,VIP retention
1923,D3,Grow basket or category,1,VIP retention
1924,D2,Grow basket or category,1,VIP retention
1925,D4,Grow basket or category,3,Low-cost nurture
1926,D6,Low-cost nurture,4,Behavioral tier 4
1927,D2,Grow basket or category,0,Growth: upsell
1928,D5,Low-cost nurture,0,Growth: upsell
1929,D3,Grow basket or category,3,Low-cost nurture
1930,D5,Low-cost nurture,0,Growth: upsell
1931,D5,Low-cost nurture,0,Growth: upsell
1932,D5,Low-cost nurture,3,Low-cost nurture
1933,D5,Low-cost nurture,3,Low-cost nurture
1934,D9,Suppress expensive offers,2,Behavioral tier 5
1935,D1,VIP: retain and reward,1,VIP retention
1936,D3,Grow basket or category,1,VIP retention
1937,D2,Grow basket or category,1,VIP retention
1938,D8,Suppress expensive offers,4,Behavioral tier 4
1939,D3,Grow basket or category,1,VIP retention
1940,D5,Low-cost nurture,0,Growth: upsell
1941,D9,Suppress expensive offers,0,Growth: upsell
1942,D4,Grow basket or category,1,VIP retention
1943,D2,Grow basket or category,1,VIP retention
1944,D1,VIP: retain and reward,1,VIP retention
1945,D8,Suppress expensive offers,4,Behavioral tier 4
1946,D4,Grow basket or category,3,Low-cost nurture
1947,D2,Grow basket or category,1,VIP retention
1948,D7,Low-cost nurture,0,Growth: upsell
1949,D6,Low-cost nurture,4,Behavioral tier 4
1950,D9,Suppress expensive offers,4,Behavioral tier 4
1951,D9,Suppress expensive offers,2,Behavioral tier 5
1952,D8,Suppress expensive offers,3,Low-cost nurture
1953,D5,Low-cost nurture,0,Growth: upsell
1954,D6,Low-cost nurture,0,Growth: upsell
1955,D1,VIP: retain and reward,1,VIP retention
1956,D5,Low-cost nurture,4,Behavioral tier 4
1957,D6,Low-cost nurture,3,Low-cost nurture
1958,D8,Suppress expensive offers,4,Behavioral tier 4
1959,D2,Grow basket or category,3,Low-cost nurture
1960,D5,Low-cost nurture,3,Low-cost nurture
1961,D7,Low-cost nurture,0,Growth: upsell
1962,D4,Grow basket or category,1,VIP retention
1963,D5,Low-cost nurture,3,Low-cost nurture
1964,D6,Low-cost nurture,0,Growth: upsell
1965,D3,Grow basket or category,1,VIP retention
1966,D2,Grow basket or category,1,VIP retention
1967,D6,Low-cost nurture,3,Low-cost nurture
1968,D5,Low-cost nurture,0,Growth: upsell
1969,D5,Low-cost nurture,0,Growth: upsell
1970,D8,Suppress expensive offers,4,Behavioral tier 4
1971,D2,Grow basket or category,1,VIP retention
1972,D5,Low-cost nurture,0,Growth: upsell
1973,D6,Low-cost nurture,4,Behavioral tier 4
1974,D2,Grow basket or category,1,VIP retention
1975,D1,VIP: retain and reward,1,VIP retention
1976,D4,Grow basket or category,0,Growth: upsell
1977,D10,Suppress expensive offers,2,Behavioral tier 5
1978,D7,Low-cost nurture,0,Growth: upsell
1979,D8,Suppress expensive offers,0,Growth: upsell
1980,D3,Grow basket or category,3,Low-cost nurture
1981,D7,Low-cost nurture,0,Growth: upsell
1982,D3,Grow basket or category,1,VIP retention
1983,D5,Low-cost nurture,3,Low-cost nurture
1984,D10,Suppress expensive offers,2,Behavioral tier 5
1985,D1,VIP: retain and reward,1,VIP retention
1986,D10,Suppress expensive offers,2,Behavioral tier 5
1987,D6,Low-cost nurture,0,Growth: upsell
1988,D1,VIP: retain and reward,1,VIP retention
1989,D4,Grow basket or category,0,Growth: upsell
1990,D3,Grow basket or category,1,VIP retention
1991,D10,Suppress expensive offers,4,Behavioral tier 4
1992,D9,Suppress expensive offers,4,Behavioral tier 4
1993,D7,Low-cost nurture,3,Low-cost nurture
1994,D8,Suppress expensive offers,4,Behavioral tier 4
1995,D1,VIP: retain and reward,1,VIP retention
1996,D5,Low-cost nurture,0,Growth: upsell
1997,D3,Grow basket or category,1,VIP retention
1998,D5,Low-cost nurture,0,Growth: upsell
1999,D8,Suppress expensive offers,4,Behavioral tier 4
2000,D9,Suppress expensive offers,4,Behavioral tier 4
2001,D7,Low-cost nurture,3,Low-cost nurture
2002,D5,Low-cost nurture,3,Low-cost nurture
2003,D6,Low-cost nurture,4,Behavioral tier 4
2004,D1,VIP: retain and reward,0,Growth: upsell
2005,D7,Low-cost nurture,3,Low-cost nurture
2006,D3,Grow basket or category,1,VIP retention
2007,D1,VIP: retain and reward,1,VIP retention
2008,D5,Low-cost nurture,0,Growth: upsell
2009,D7,Low-cost nurture,3,Low-cost nurture
2010,D7,Low-cost nurture,3,Low-cost nurture
2011,D7,Low-cost nurture,0,Growth: upsell
2012,D1,VIP: retain and reward,1,VIP retention
2013,D7,Low-cost nurture,0,Growth: upsell
2014,D7,Low-cost nurture,4,Behavioral tier 4
2015,D2,Grow basket or category,0,Growth: upsell
2016,D6,Low-cost nurture,0,Growth: upsell
2017,D2,Grow basket or category,1,VIP retention
2018,D3,Grow basket or category,0,Growth: upsell
2019,D1,VIP: retain and reward,1,VIP retention
2020,D1,VIP: retain and reward,1,VIP retention
2021,D7,Low-cost nurture,4,Behavioral tier 4
2022,D1,VIP: retain and reward,1,VIP retention
2023,D6,Low-cost nurture,0,Growth: upsell
2024,D3,Grow basket or category,1,VIP retention
2025,D8,Suppress expensive offers,3,Low-cost nurture
2026,D7,Low-cost nurture,4,Behavioral tier 4
2027,D6,Low-cost nurture,0,Growth: upsell
2028,D6,Low-cost nurture,0,Growth: upsell
2029,D6,Low-cost nurture,3,Low-cost nurture
2030,D5,Low-cost nurture,0,Growth: upsell
2031,D10,Suppress expensive offers,2,Behavioral tier 5
2032,D7,Low-cost nurture,3,Low-cost nurture
2033,D5,Low-cost nurture,1,VIP retention
2034,D4,Grow basket or category,1,VIP retention
2035,D8,Suppress expensive offers,4,Behavioral tier 4
2036,D3,Grow basket or category,3,Low-cost nurture
2037,D6,Low-cost nurture,0,Growth: upsell
2038,D7,Low-cost nurture,3,Low-cost nurture
2039,D5,Low-cost nurture,3,Low-cost nurture
2040,D4,Grow basket or category,0,Growth: upsell
2041,D2,Grow basket or category,1,VIP retention
2042,D3,Grow basket or category,3,Low-cost nurture
2043,D6,Low-cost nurture,3,Low-cost nurture
2044,D8,Suppress expensive offers,3,Low-cost nurture
2045,D10,Suppress expensive offers,2,Behavioral tier 5
2046,D9,Suppress expensive offers,3,Low-cost nurture
2047,D3,Grow basket or category,1,VIP retention
2048,D7,Low-cost nurture,3,Low-cost nurture
2049,D8,Suppress expensive offers,4,Behavioral tier 4
2050,D2,Grow basket or category,1,VIP retention
2051,D3,Grow basket or category,3,Low-cost nurture
2052,D10,Suppress expensive offers,2,Behavioral tier 5
2053,D4,Grow basket or category,0,Growth: upsell
2054,D10,Suppress expensive offers,4,Behavioral tier 4
2055,D5,Low-cost nurture,0,Growth: upsell
2056,D5,Low-cost nurture,0,Growth: upsell
2057,D4,Grow basket or category,1,VIP retention
2058,D2,Grow basket or category,1,VIP retention
2059,D5,Low-cost nurture,3,Low-cost nurture
2060,D9,Suppress expensive offers,3,Low-cost nurture
2061,D10,Suppress expensive offers,2,Behavioral tier 5
2062,D2,Grow basket or category,1,VIP retention
2063,D5,Low-cost nurture,0,Growth: upsell
2064,D2,Grow basket or category,1,VIP retention
2065,D4,Grow basket or category,0,Growth: upsell
2066,D6,Low-cost nurture,0,Growth: upsell
2067,D10,Suppress expensive offers,2,Behavioral tier 5
2068,D5,Low-cost nurture,0,Growth: upsell
2069,D6,Low-cost nurture,3,Low-cost nurture
2070,D1,VIP: retain and reward,1,VIP retention
2071,D6,Low-cost nurture,0,Growth: upsell
2072,D10,Suppress expensive offers,2,Behavioral tier 5
2073,D6,Low-cost nurture,3,Low-cost nurture
2074,D9,Suppress expensive offers,4,Behavioral tier 4
2075,D3,Grow basket or category,1,VIP retention
2076,D1,VIP: retain and reward,1,VIP retention
2077,D6,Low-cost nurture,1,VIP retention
2078,D5,Low-cost nurture,3,Low-cost nurture
2079,D3,Grow basket or category,1,VIP retention
2080,D2,Grow basket or category,1,VIP retention
2081,D8,Suppress expensive offers,4,Behavioral tier 4
2082,D3,Grow basket or category,1,VIP retention
2083,D1,VIP: retain and reward,1,VIP retention
2084,D4,Grow basket or category,1,VIP retention
2085,D1,VIP: retain and reward,1,VIP retention
2086,D2,Grow basket or category,0,Growth: upsell
2087,D1,VIP: retain and reward,1,VIP retention
2088,D3,Grow basket or category,0,Growth: upsell
2089,D10,Suppress expensive offers,4,Behavioral tier 4
2090,D7,Low-cost nurture,3,Low-cost nurture
2091,D8,Suppress expensive offers,4,Behavioral tier 4
2092,D5,Low-cost nurture,3,Low-cost nurture
2093,D9,Suppress expensive offers,3,Low-cost nurture
2094,D4,Grow basket or category,0,Growth: upsell
2095,D3,Grow basket or category,1,VIP retention
2096,D7,Low-cost nurture,2,Behavioral tier 5
2097,D1,VIP: retain and reward,1,VIP retention
2098,D9,Suppress expensive offers,2,Behavioral tier 5
2099,D9,Suppress expensive offers,3,Low-cost nurture
2100,D4,Grow basket or category,0,Growth: upsell
2101,D9,Suppress expensive offers,4,Behavioral tier 4
2102,D4,Grow basket or category,0,Growth: upsell
2103,D10,Suppress expensive offers,2,Behavioral tier 5
2104,D9,Suppress expensive offers,2,Behavioral tier 5
2105,D8,Suppress expensive offers,4,Behavioral tier 4
2106,D4,Grow basket or category,3,Low-cost nurture
2107,D4,Grow basket or category,0,Growth: upsell
2108,D6,Low-cost nurture,0,Growth: upsell
2109,D5,Low-cost nurture,0,Growth: upsell
2110,D1,VIP: retain and reward,1,VIP retention
2111,D5,Low-cost nurture,0,Growth: upsell
2112,D2,Grow basket or category,1,VIP retention
2113,D7,Low-cost nurture,3,Low-cost nurture
2114,D4,Grow basket or category,1,VIP retention
2115,D1,VIP: retain and reward,1,VIP retention
2116,D1,VIP: retain and reward,1,VIP retention
2117,D8,Suppress expensive offers,0,Growth: upsell
2118,D8,Suppress expensive offers,3,Low-cost nurture
2119,D5,Low-cost nurture,3,Low-cost nurture
2120,D6,Low-cost nurture,3,Low-cost nurture
2121,D2,Grow basket or category,1,VIP retention
2122,D9,Suppress expensive offers,3,Low-cost nurture
2123,D3,Grow basket or category,0,Growth: upsell
2124,D1,VIP: retain and reward,1,VIP retention
2125,D3,Grow basket or category,1,VIP retention
2126,D3,Grow basket or category,1,VIP retention
2127,D7,Low-cost nurture,3,Low-cost nurture
2128,D6,Low-cost nurture,3,Low-cost nurture
2129,D2,Grow basket or category,1,VIP retention
2130,D2,Grow basket or category,1,VIP retention
2131,D3,Grow basket or category,0,Growth: upsell
2132,D9,Suppress expensive offers,4,Behavioral tier 4
2133,D2,Grow basket or category,1,VIP retention
2134,D1,VIP: retain and reward,1,VIP retention
2135,D8,Suppress expensive offers,3,Low-cost nurture
2136,D7,Low-cost nurture,3,Low-cost nurture
2137,D4,Grow basket or category,1,VIP retention
2138,D6,Low-cost nurture,4,Behavioral tier 4
2139,D3,Grow basket or category,1,VIP retention
2140,D7,Low-cost nurture,3,Low-cost nurture
2141,D2,Grow basket or category,0,Growth: upsell
2142,D1,VIP: retain and reward,1,VIP retention
2143,D10,Suppress expensive offers,2,Behavioral tier 5
2144,D5,Low-cost nurture,3,Low-cost nurture
2145,D8,Suppress expensive offers,3,Low-cost nurture
2146,D6,Low-cost nurture,4,Behavioral tier 4
2147,D2,Grow basket or category,1,VIP retention
2148,D4,Grow basket or category,0,Growth: upsell
2149,D4,Grow basket or category,1,VIP retention
2150,D10,Suppress expensive offers,2,Behavioral tier 5
2151,D8,Suppress expensive offers,4,Behavioral tier 4
2152,D10,Suppress expensive offers,2,Behavioral tier 5
2153,D8,Suppress expensive offers,4,Behavioral tier 4
2154,D5,Low-cost nurture,0,Growth: upsell
2155,D10,Suppress expensive offers,2,Behavioral tier 5
2156,D2,Grow basket or category,1,VIP retention
2157,D9,Suppress expensive offers,4,Behavioral tier 4
2158,D4,Grow basket or category,1,VIP retention
2159,D6,Low-cost nurture,3,Low-cost nurture
2160,D9,Suppress expensive offers,4,Behavioral tier 4
2161,D6,Low-cost nurture,3,Low-cost nurture
2162,D1,VIP: retain and reward,1,VIP retention
2163,D10,Suppress expensive offers,2,Behavioral tier 5
2164,D7,Low-cost nurture,4,Behavioral tier 4
2165,D10,Suppress expensive offers,2,Behavioral tier 5
2166,D10,Suppress expensive offers,2,Behavioral tier 5
2167,D6,Low-cost nurture,4,Behavioral tier 4
2168,D2,Grow basket or category,1,VIP retention
2169,D8,Suppress expensive offers,3,Low-cost nurture
2170,D2,Grow basket or category,1,VIP retention
2171,D3,Grow basket or category,1,VIP retention
2172,D5,Low-cost nurture,0,Growth: upsell
2173,D5,Low-cost nurture,0,Growth: upsell
2174,D9,Suppress expensive offers,4,Behavioral tier 4
2175,D9,Suppress expensive offers,2,Behavioral tier 5
2176,D5,Low-cost nurture,0,Growth: upsell
2177,D10,Suppress expensive offers,2,Behavioral tier 5
2178,D4,Grow basket or category,3,Low-cost nurture
2179,D7,Low-cost nurture,3,Low-cost nurture
2180,D8,Suppress expensive offers,2,Behavioral tier 5
2181,D4,Grow basket or category,3,Low-cost nurture
2182,D7,Low-cost nurture,0,Growth: upsell
2183,D3,Grow basket or category,1,VIP retention
2184,D2,Grow basket or category,1,VIP retention
2185,D1,VIP: retain and reward,1,VIP retention
2186,D2,Grow basket or category,1,VIP retention
2187,D5,Low-cost nurture,3,Low-cost nurture
2188,D3,Grow basket or category,1,VIP retention
2189,D7,Low-cost nurture,3,Low-cost nurture
2190,D1,VIP: retain and reward,1,VIP retention
2191,D8,Suppress expensive offers,3,Low-cost nurture
2192,D9,Suppress expensive offers,3,Low-cost nurture
2193,D1,VIP: retain and reward,1,VIP retention
2194,D2,Grow basket or category,1,VIP retention
2195,D7,Low-cost nurture,0,Growth: upsell
2196,D8,Suppress expensive offers,4,Behavioral tier 4
2197,D9,Suppress expensive offers,4,Behavioral tier 4
2198,D2,Grow basket or category,1,VIP retention
2199,D2,Grow basket or category,1,VIP retention
2200,D1,VIP: retain and reward,1,VIP retention
2201,D10,Suppress expensive offers,2,Behavioral tier 5
2202,D10,Suppress expensive offers,4,Behavioral tier 4
2203,D2,Grow basket or category,1,VIP retention
2204,D5,Low-cost nurture,0,Growth: upsell
2205,D6,Low-cost nurture,0,Growth: upsell
2206,D9,Suppress expensive offers,4,Behavioral tier 4
2207,D3,Grow basket or category,0,Growth: upsell
2208,D1,VIP: retain and reward,1,VIP retention
2209,D2,Grow basket or category,1,VIP retention
2210,D6,Low-cost nurture,3,Low-cost nurture
2211,D5,Low-cost nurture,3,Low-cost nurture
2212,D10,Suppress expensive offers,4,Behavioral tier 4
2213,D4,Grow basket or category,3,Low-cost nurture
2214,D9,Suppress expensive offers,4,Behavioral tier 4
2215,D5,Low-cost nurture,0,Growth: upsell
2216,D9,Suppress expensive offers,4,Behavioral tier 4
2217,D3,Grow basket or category,1,VIP retention
2218,D8,Suppress expensive offers,4,Behavioral tier 4
2219,D8,Suppress expensive offers,3,Low-cost nurture
2220,D10,Suppress expensive offers,2,Behavioral tier 5
2221,D5,Low-cost nurture,0,Growth: upsell
2222,D4,Grow basket or category,3,Low-cost nurture
2223,D6,Low-cost nurture,0,Growth: upsell
2224,D3,Grow basket or category,0,Growth: upsell
2225,D4,Grow basket or category,1,VIP retention
2226,D1,VIP: retain and reward,1,VIP retention
2227,D3,Grow basket or category,0,Growth: upsell
2228,D2,Grow basket or category,1,VIP retention
2229,D5,Low-cost nurture,0,Growth: upsell
2230,D7,Low-cost nurture,3,Low-cost nurture
2231,D3,Grow basket or category,1,VIP retention
2232,D8,Suppress expensive offers,3,Low-cost nurture
2233,D1,VIP: retain and reward,1,VIP retention
2234,D1,VIP: retain and reward,1,VIP retention
2235,D3,Grow basket or category,1,VIP retention
2236,D4,Grow basket or category,1,VIP retention
2237,D3,Grow basket or category,1,VIP retention
2238,D5,Low-cost nurture,0,Growth: upsell
2239,D6,Low-cost nurture,3,Low-cost nurture
2240,D2,Grow basket or category,0,Growth: upsell
2241,D7,Low-cost nurture,0,Growth: upsell
2242,D7,Low-cost nurture,0,Growth: upsell
2243,D3,Grow basket or category,3,Low-cost nurture
2244,D2,Grow basket or category,0,Growth: upsell
2245,D3,Grow basket or category,1,VIP retention
2246,D10,Suppress expensive offers,2,Behavioral tier 5
2247,D3,Grow basket or category,0,Growth: upsell
2248,D8,Suppress expensive offers,4,Behavioral tier 4
2249,D10,Suppress expensive offers,2,Behavioral tier 5
2250,D5,Low-cost nurture,3,Low-cost nurture
2251,D6,Low-cost nurture,4,Behavioral tier 4
2252,D1,VIP: retain and reward,1,VIP retention
2253,D9,Suppress expensive offers,4,Behavioral tier 4
2254,D7,Low-cost nurture,3,Low-cost nurture
2255,D9,Suppress expensive offers,2,Behavioral tier 5
2256,D7,Low-cost nurture,3,Low-cost nurture
2257,D8,Suppress expensive offers,4,Behavioral tier 4
2258,D7,Low-cost nurture,3,Low-cost nurture
2259,D9,Suppress expensive offers,4,Behavioral tier 4
2260,D1,VIP: retain and reward,1,VIP retention
2261,D1,VIP: retain and reward,1,VIP retention
2262,D7,Low-cost nurture,0,Growth: upsell
2263,D2,Grow basket or category,0,Growth: upsell
2264,D1,VIP: retain and reward,1,VIP retention
2265,D10,Suppress expensive offers,2,Behavioral tier 5
2266,D1,VIP: retain and reward,1,VIP retention
2267,D5,Low-cost nurture,3,Low-cost nurture
2268,D9,Suppress expensive offers,3,Low-cost nurture
2269,D4,Grow basket or category,0,Growth: upsell
2270,D3,Grow basket or category,0,Growth: upsell
2271,D10,Suppress expensive offers,4,Behavioral tier 4
2272,D5,Low-cost nurture,3,Low-cost nurture
2273,D7,Low-cost nurture,4,Behavioral tier 4
2274,D2,Grow basket or category,1,VIP retention
2275,D4,Grow basket or category,0,Growth: upsell
2276,D8,Suppress expensive offers,4,Behavioral tier 4
2277,D3,Grow basket or category,0,Growth: upsell
2278,D8,Suppress expensive offers,3,Low-cost nurture
2279,D8,Suppress expensive offers,4,Behavioral tier 4
2280,D1,VIP: retain and reward,1,VIP retention
2281,D3,Grow basket or category,0,Growth: upsell
2282,D8,Suppress expensive offers,0,Growth: upsell
2283,D7,Low-cost nurture,3,Low-cost nurture
2284,D1,VIP: retain and reward,1,VIP retention
2285,D6,Low-cost nurture,3,Low-cost nurture
2286,D8,Suppress expensive offers,3,Low-cost nurture
2287,D8,Suppress expensive offers,3,Low-cost nurture
2288,D6,Low-cost nurture,0,Growth: upsell
2289,D5,Low-cost nurture,0,Growth: upsell
2290,D8,Suppress expensive offers,3,Low-cost nurture
2291,D9,Suppress expensive offers,2,Behavioral tier 5
2292,D7,Low-cost nurture,0,Growth: upsell
2293,D5,Low-cost nurture,3,Low-cost nurture
2294,D1,VIP: retain and reward,1,VIP retention
2295,D1,VIP: retain and reward,1,VIP retention
2296,D1,VIP: retain and reward,1,VIP retention
2297,D9,Suppress expensive offers,4,Behavioral tier 4
2298,D5,Low-cost nurture,0,Growth: upsell
2299,D6,Low-cost nurture,0,Growth: upsell
2300,D3,Grow basket or category,0,Growth: upsell
2301,D3,Grow basket or category,0,Growth: upsell
2302,D6,Low-cost nurture,3,Low-cost nurture
2303,D5,Low-cost nurture,3,Low-cost nurture
2304,D10,Suppress expensive offers,2,Behavioral tier 5
2305,D2,Grow basket or category,1,VIP retention
2306,D10,Suppress expensive offers,2,Behavioral tier 5
2307,D2,Grow basket or category,1,VIP retention
2308,D9,Suppress expensive offers,2,Behavioral tier 5
2309,D10,Suppress expensive offers,2,Behavioral tier 5
2310,D7,Low-cost nurture,4,Behavioral tier 4
2311,D6,Low-cost nurture,3,Low-cost nurture
2312,D1,VIP: retain and reward,1,VIP retention
2313,D10,Suppress expensive offers,2,Behavioral tier 5
2314,D3,Grow basket or category,1,VIP retention
2315,D10,Suppress expensive offers,2,Behavioral tier 5
2316,D9,Suppress expensive offers,2,Behavioral tier 5
2317,D1,VIP: retain and reward,1,VIP retention
2318,D1,VIP: retain and reward,1,VIP retention
2319,D8,Suppress expensive offers,0,Growth: upsell
2320,D10,Suppress expensive offers,2,Behavioral tier 5
2321,D10,Suppress expensive offers,4,Behavioral tier 4
2322,D1,VIP: retain and reward,1,VIP retention
2323,D8,Suppress expensive offers,3,Low-cost nurture
2324,D5,Low-cost nurture,0,Growth: upsell
2325,D10,Suppress expensive offers,2,Behavioral tier 5
2326,D7,Low-cost nurture,4,Behavioral tier 4
2327,D7,Low-cost nurture,4,Behavioral tier 4
2328,D1,VIP: retain and reward,1,VIP retention
2329,D5,Low-cost nurture,3,Low-cost nurture
2330,D2,Grow basket or category,1,VIP retention
2331,D2,Grow basket or category,1,VIP retention
2332,D10,Suppress expensive offers,2,Behavioral tier 5
2333,D10,Suppress expensive offers,4,Behavioral tier 4
2334,D1,VIP: retain and reward,1,VIP retention
2335,D6,Low-cost nurture,3,Low-cost nurture
2336,D5,Low-cost nurture,0,Growth: upsell
2337,D1,VIP: retain and reward,0,Growth: upsell
2338,D6,Low-cost nurture,3,Low-cost nurture
2339,D10,Suppress expensive offers,2,Behavioral tier 5
2340,D4,Grow basket or category,1,VIP retention
2341,D2,Grow basket or category,0,Growth: upsell
2342,D2,Grow basket or category,1,VIP retention
2343,D3,Grow basket or category,1,VIP retention
2344,D5,Low-cost nurture,3,Low-cost nurture
2345,D3,Grow basket or category,0,Growth: upsell
2346,D7,Low-cost nurture,4,Behavioral tier 4
2347,D4,Grow basket or category,1,VIP retention
2348,D10,Suppress expensive offers,2,Behavioral tier 5
2349,D6,Low-cost nurture,3,Low-cost nurture
2350,D6,Low-cost nurture,3,Low-cost nurture
2351,D1,VIP: retain and reward,1,VIP retention
2352,D7,Low-cost nurture,3,Low-cost nurture
2353,D9,Suppress expensive offers,4,Behavioral tier 4
2354,D3,Grow basket or category,1,VIP retention
2355,D10,Suppress expensive offers,2,Behavioral tier 5
2356,D5,Low-cost nurture,4,Behavioral tier 4
2357,D10,Suppress expensive offers,2,Behavioral tier 5
2358,D5,Low-cost nurture,0,Growth: upsell
2359,D4,Grow basket or category,0,Growth: upsell
2360,D1,VIP: retain and reward,1,VIP retention
2361,D3,Grow basket or category,0,Growth: upsell
2362,D9,Suppress expensive offers,2,Behavioral tier 5
2363,D8,Suppress expensive offers,4,Behavioral tier 4
2364,D2,Grow basket or category,1,VIP retention
2365,D10,Suppress expensive offers,2,Behavioral tier 5
2366,D2,Grow basket or category,1,VIP retention
2367,D3,Grow basket or category,0,Growth: upsell
2368,D7,Low-cost nurture,3,Low-cost nurture
2369,D5,Low-cost nurture,3,Low-cost nurture
2370,D2,Grow basket or category,1,VIP retention
2371,D6,Low-cost nurture,0,Growth: upsell
2372,D4,Grow basket or category,1,VIP retention
2373,D5,Low-cost nurture,0,Growth: upsell
2374,D2,Grow basket or category,1,VIP retention
2375,D4,Grow basket or category,0,Growth: upsell
2376,D3,Grow basket or category,1,VIP retention
2377,D8,Suppress expensive offers,0,Growth: upsell
2378,D1,VIP: retain and reward,1,VIP retention
2379,D7,Low-cost nurture,3,Low-cost nurture
2380,D3,Grow basket or category,1,VIP retention
2381,D5,Low-cost nurture,0,Growth: upsell
2382,D8,Suppress expensive offers,3,Low-cost nurture
2383,D9,Suppress expensive offers,4,Behavioral tier 4
2384,D8,Suppress expensive offers,4,Behavioral tier 4
2385,D2,Grow basket or category,1,VIP retention
2386,D8,Suppress expensive offers,4,Behavioral tier 4
2387,D8,Suppress expensive offers,4,Behavioral tier 4
2388,D6,Low-cost nurture,3,Low-cost nurture
2389,D7,Low-cost nurture,4,Behavioral tier 4
2390,D8,Suppress expensive offers,3,Low-cost nurture
2391,D9,Suppress expensive offers,4,Behavioral tier 4
2392,D7,Low-cost nurture,3,Low-cost nurture
2393,D3,Grow basket or category,3,Low-cost nurture
2394,D7,Low-cost nurture,3,Low-cost nurture
2395,D2,Grow basket or category,0,Growth: upsell
2396,D9,Suppress expensive offers,2,Behavioral tier 5
2397,D8,Suppress expensive offers,3,Low-cost nurture
2398,D6,Low-cost nurture,4,Behavioral tier 4
2399,D10,Suppress expensive offers,2,Behavioral tier 5
2400,D1,VIP: retain and reward,1,VIP retention
2401,D9,Suppress expensive offers,3,Low-cost nurture
2402,D8,Suppress expensive offers,4,Behavioral tier 4
2403,D10,Suppress expensive offers,2,Behavioral tier 5
2404,D9,Suppress expensive offers,4,Behavioral tier 4
2405,D4,Grow basket or category,1,VIP retention
2406,D3,Grow basket or category,1,VIP retention
2407,D2,Grow basket or category,1,VIP retention
2408,D6,Low-cost nurture,3,Low-cost nurture
2409,D8,Suppress expensive offers,4,Behavioral tier 4
2410,D5,Low-cost nurture,3,Low-cost nurture
2411,D6,Low-cost nurture,3,Low-cost nurture
2412,D1,VIP: retain and reward,1,VIP retention
2413,D10,Suppress expensive offers,2,Behavioral tier 5
2414,D10,Suppress expensive offers,2,Behavioral tier 5
2415,D6,Low-cost nurture,0,Growth: upsell
2416,D3,Grow basket or category,1,VIP retention
2417,D10,Suppress expensive offers,2,Behavioral tier 5
2418,D7,Low-cost nurture,0,Growth: upsell
2419,D7,Low-cost nurture,3,Low-cost nurture
2420,D3,Grow basket or category,3,Low-cost nurture
2421,D1,VIP: retain and reward,1,VIP retention
2422,D10,Suppress expensive offers,2,Behavioral tier 5
2423,D4,Grow basket or category,3,Low-cost nurture
2424,D3,Grow basket or category,0,Growth: upsell
2425,D3,Grow basket or category,1,VIP retention
2426,D5,Low-cost nurture,0,Growth: upsell
2427,D1,VIP: retain and reward,1,VIP retention
2428,D10,Suppress expensive offers,2,Behavioral tier 5
2429,D6,Low-cost nurture,4,Behavioral tier 4
2430,D6,Low-cost nurture,3,Low-cost nurture
2431,D8,Suppress expensive offers,3,Low-cost nurture
2432,D3,Grow basket or category,0,Growth: upsell
2433,D9,Suppress expensive offers,2,Behavioral tier 5
2434,D8,Suppress expensive offers,4,Behavioral tier 4
2435,D4,Grow basket or category,4,Behavioral tier 4
2436,D8,Suppress expensive offers,3,Low-cost nurture
2437,D3,Grow basket or category,0,Growth: upsell
2438,D4,Grow basket or category,1,VIP retention
2439,D9,Suppress expensive offers,4,Behavioral tier 4
2440,D5,Low-cost nurture,1,VIP retention
2441,D7,Low-cost nurture,4,Behavioral tier 4
2442,D9,Suppress expensive offers,4,Behavioral tier 4
2443,D3,Grow basket or category,3,Low-cost nurture
2444,D10,Suppress expensive offers,2,Behavioral tier 5
2445,D2,Grow basket or category,1,VIP retention
2446,D2,Grow basket or category,1,VIP retention
2447,D1,VIP: retain and reward,1,VIP retention
2448,D1,VIP: retain and reward,1,VIP retention
2449,D1,VIP: retain and reward,1,VIP retention
2450,D4,Grow basket or category,3,Low-cost nurture
2451,D1,VIP: retain and reward,1,VIP retention
2452,D4,Grow basket or category,0,Growth: upsell
2453,D3,Grow basket or category,0,Growth: upsell
2454,D9,Suppress expensive offers,4,Behavioral tier 4
2455,D2,Grow basket or category,1,VIP retention
2456,D7,Low-cost nurture,4,Behavioral tier 4
2457,D7,Low-cost nurture,4,Behavioral tier 4
2458,D8,Suppress expensive offers,4,Behavioral tier 4
2459,D1,VIP: retain and reward,1,VIP retention
2460,D8,Suppress expensive offers,3,Low-cost nurture
2461,D8,Suppress expensive offers,4,Behavioral tier 4
2462,D1,VIP: retain and reward,1,VIP retention
2463,D10,Suppress expensive offers,2,Behavioral tier 5
2464,D8,Suppress expensive offers,3,Low-cost nurture
2465,D6,Low-cost nurture,0,Growth: upsell
2466,D5,Low-cost nurture,0,Growth: upsell
2467,D1,VIP: retain and reward,1,VIP retention
2468,D5,Low-cost nurture,4,Behavioral tier 4
2469,D9,Suppress expensive offers,4,Behavioral tier 4
2470,D8,Suppress expensive offers,3,Low-cost nurture
2471,D8,Suppress expensive offers,4,Behavioral tier 4
2472,D7,Low-cost nurture,3,Low-cost nurture
2473,D10,Suppress expensive offers,2,Behavioral tier 5
2474,D9,Suppress expensive offers,4,Behavioral tier 4
2475,D3,Grow basket or category,0,Growth: upsell
2476,D9,Suppress expensive offers,2,Behavioral tier 5
2477,D6,Low-cost nurture,3,Low-cost nurture
2478,D4,Grow basket or category,0,Growth: upsell
2479,D1,VIP: retain and reward,1,VIP retention
2480,D6,Low-cost nurture,3,Low-cost nurture
2481,D2,Grow basket or category,1,VIP retention
2482,D5,Low-cost nurture,4,Behavioral tier 4
2483,D6,Low-cost nurture,0,Growth: upsell
2484,D1,VIP: retain and reward,1,VIP retention
2485,D7,Low-cost nurture,0,Growth: upsell
2486,D4,Grow basket or category,1,VIP retention
2487,D9,Suppress expensive offers,4,Behavioral tier 4
2488,D2,Grow basket or category,1,VIP retention
2489,D1,VIP: retain and reward,1,VIP retention
2490,D9,Suppress expensive offers,4,Behavioral tier 4
2491,D8,Suppress expensive offers,4,Behavioral tier 4
2492,D4,Grow basket or category,0,Growth: upsell
2493,D5,Low-cost nurture,3,Low-cost nurture
2494,D6,Low-cost nurture,3,Low-cost nurture
2495,D10,Suppress expensive offers,2,Behavioral tier 5
2496,D3,Grow basket or category,3,Low-cost nurture
2497,D2,Grow basket or category,1,VIP retention
2498,D5,Low-cost nurture,0,Growth: upsell
2499,D4,Grow basket or category,1,VIP retention
2500,D2,Grow basket or category,1,VIP retention
