geo,week,spend,revenue
Geo 01,2022-04-04,10226.23,81466.53
Geo 01,2022-04-11,10892.68,81861.71
Geo 01,2022-04-18,10456.53,81593.78
Geo 01,2022-04-25,9848.27,84367.04
Geo 01,2022-05-02,10270.71,83778.95
Geo 01,2022-05-09,10460.43,83525.09
Geo 01,2022-05-16,9709.46,84854.52
Geo 01,2022-05-23,9645.38,84188.0
Geo 01,2022-05-30,9383.84,81116.74
Geo 01,2022-06-06,9326.58,79087.98
Geo 01,2022-06-13,9340.27,78234.77
Geo 01,2022-06-20,9321.4,77509.41
Geo 01,2022-06-27,9359.66,77156.86
Geo 01,2022-07-04,8995.6,77445.9
Geo 01,2022-07-11,8765.62,77595.08
Geo 01,2022-07-18,9088.48,73497.6
Geo 01,2022-07-25,8863.27,75103.77
Geo 01,2022-08-01,9083.19,74448.06
Geo 01,2022-08-08,8928.68,74024.19
Geo 01,2022-08-15,8377.74,72152.69
Geo 01,2022-08-22,8335.5,71498.39
Geo 01,2022-08-29,8364.2,71847.78
Geo 01,2022-09-05,8848.86,71013.96
Geo 01,2022-09-12,8954.36,71781.36
Geo 01,2022-09-19,8747.12,70451.72
Geo 01,2022-09-26,8753.67,72112.25
Geo 01,2022-10-03,9063.98,72941.14
Geo 01,2022-10-10,9176.06,73743.7
Geo 01,2022-10-17,8639.33,76043.18
Geo 01,2022-10-24,9057.58,75191.51
Geo 01,2022-10-31,9104.91,75552.63
Geo 01,2022-11-07,9587.88,75507.35
Geo 01,2022-11-14,8829.37,76408.72
Geo 01,2022-11-21,10037.22,74236.73
Geo 01,2022-11-28,9440.75,77511.75
Geo 01,2022-12-05,10311.7,76882.41
Geo 01,2022-12-12,10623.57,76059.0
Geo 01,2022-12-19,10912.34,76253.44
Geo 01,2022-12-26,10769.81,76843.45
Geo 01,2023-01-02,10141.34,76386.04
Geo 01,2023-01-09,10660.46,80630.23
Geo 01,2023-01-16,10694.07,80966.97
Geo 01,2023-01-23,11546.86,81632.53
Geo 01,2023-01-30,11089.46,80556.92
Geo 01,2023-02-06,11544.88,79066.16
Geo 01,2023-02-13,11208.4,79982.29
Geo 01,2023-02-20,11676.7,81210.32
Geo 01,2023-02-27,11458.54,82925.76
Geo 01,2023-03-06,11399.32,84435.37
Geo 01,2023-03-13,11838.48,83425.14
Geo 01,2023-03-20,11039.59,83898.48
Geo 01,2023-03-27,11046.83,85667.15
Geo 01,2023-04-03,10760.07,85690.22
Geo 01,2023-04-10,10802.81,87400.89
Geo 01,2023-04-17,10703.38,87562.82
Geo 01,2023-04-24,10817.15,88705.13
Geo 01,2023-05-01,10869.82,87656.83
Geo 01,2023-05-08,10720.19,86242.43
Geo 01,2023-05-15,10505.5,85100.97
Geo 01,2023-05-22,10659.45,86669.28
Geo 01,2023-05-29,10649.18,86969.26
Geo 01,2023-06-05,10226.23,83764.26
Geo 01,2023-06-12,11031.21,85560.43
Geo 01,2023-06-19,10812.76,82060.58
Geo 01,2023-06-26,9931.58,82900.03
Geo 01,2023-07-03,10411.95,80835.08
Geo 01,2023-07-10,9790.51,82014.71
Geo 01,2023-07-17,9914.03,78365.62
Geo 01,2023-07-24,9485.42,75619.31
Geo 01,2023-07-31,9433.36,77094.01
Geo 01,2023-08-07,9387.88,75957.68
Geo 01,2023-08-14,9354.78,79382.51
Geo 01,2023-08-21,9797.18,76881.12
Geo 01,2023-08-28,9397.37,74204.32
Geo 01,2023-09-04,9319.05,75322.92
Geo 01,2023-09-11,9715.09,75439.69
Geo 01,2023-09-18,9261.81,76122.96
Geo 01,2023-09-25,10069.89,78636.62
Geo 01,2023-10-02,10114.63,76607.82
Geo 01,2023-10-09,9693.78,76728.89
Geo 01,2023-10-16,9651.81,76347.52
Geo 01,2023-10-23,9809.15,76332.1
Geo 01,2023-10-30,9526.67,78780.12
Geo 01,2023-11-06,9988.47,78304.94
Geo 01,2023-11-13,9668.56,78791.5
Geo 01,2023-11-20,10387.59,80271.28
Geo 01,2023-11-27,10058.52,83699.67
Geo 01,2023-12-04,10010.37,83815.01
Geo 01,2023-12-11,10461.18,81761.89
Geo 01,2023-12-18,10147.64,81865.67
Geo 01,2023-12-25,11141.74,83416.14
Geo 01,2024-01-01,10693.27,82701.45
Geo 01,2024-01-08,10974.14,83118.16
Geo 01,2024-01-15,10634.21,84077.2
Geo 01,2024-01-22,10991.88,85935.1
Geo 01,2024-01-29,11018.65,83344.17
Geo 01,2024-02-05,11754.42,82373.88
Geo 01,2024-02-12,11518.71,84434.56
Geo 01,2024-02-19,11665.89,85360.13
Geo 01,2024-02-26,11939.43,84586.97
Geo 01,2024-03-04,11854.14,84282.34
Geo 01,2024-03-11,11476.71,84607.69
Geo 01,2024-03-18,12063.5,88336.36
Geo 01,2024-03-25,12829.59,88440.44
Geo 02,2022-04-04,10130.02,83943.62
Geo 02,2022-04-11,10473.0,85788.28
Geo 02,2022-04-18,10119.51,86462.35
Geo 02,2022-04-25,10774.69,85229.9
Geo 02,2022-05-02,10347.5,85841.94
Geo 02,2022-05-09,9975.04,87561.57
Geo 02,2022-05-16,10361.42,86621.46
Geo 02,2022-05-23,10459.19,87250.35
Geo 02,2022-05-30,9468.02,85162.08
Geo 02,2022-06-06,9809.99,83961.59
Geo 02,2022-06-13,8974.25,81618.18
Geo 02,2022-06-20,9195.3,81421.44
Geo 02,2022-06-27,9138.68,80478.64
Geo 02,2022-07-04,9437.17,78817.04
Geo 02,2022-07-11,9580.9,78024.53
Geo 02,2022-07-18,9872.88,77698.22
Geo 02,2022-07-25,9302.04,76309.91
Geo 02,2022-08-01,8741.46,75037.07
Geo 02,2022-08-08,8839.83,72581.44
Geo 02,2022-08-15,8565.25,73609.05
Geo 02,2022-08-22,8647.76,72297.17
Geo 02,2022-08-29,8745.34,72127.58
Geo 02,2022-09-05,9060.51,71810.85
Geo 02,2022-09-12,9075.67,73552.08
Geo 02,2022-09-19,8682.89,74905.12
Geo 02,2022-09-26,8992.76,72760.19
Geo 02,2022-10-03,8875.97,71204.87
Geo 02,2022-10-10,9191.84,71461.7
Geo 02,2022-10-17,8658.32,74591.22
Geo 02,2022-10-24,9154.62,76258.59
Geo 02,2022-10-31,9189.91,76945.85
Geo 02,2022-11-07,9188.56,76601.06
Geo 02,2022-11-14,9164.33,78067.63
Geo 02,2022-11-21,9415.84,76058.25
Geo 02,2022-11-28,9334.98,76358.45
Geo 02,2022-12-05,9787.58,76574.37
Geo 02,2022-12-12,9661.75,76687.91
Geo 02,2022-12-19,10462.1,76886.7
Geo 02,2022-12-26,10351.2,73640.35
Geo 02,2023-01-02,10729.88,74050.3
Geo 02,2023-01-09,10255.58,75305.43
Geo 02,2023-01-16,10800.11,75614.75
Geo 02,2023-01-23,10843.21,77955.75
Geo 02,2023-01-30,11201.25,79644.99
Geo 02,2023-02-06,11590.14,79316.66
Geo 02,2023-02-13,11377.69,81307.13
Geo 02,2023-02-20,11150.59,81318.76
Geo 02,2023-02-27,11438.42,79861.42
Geo 02,2023-03-06,11666.42,80615.52
Geo 02,2023-03-13,11597.08,84776.36
Geo 02,2023-03-20,11523.63,84011.54
Geo 02,2023-03-27,10796.95,85887.84
Geo 02,2023-04-03,11173.59,84733.01
Geo 02,2023-04-10,10853.8,87654.55
Geo 02,2023-04-17,11524.59,88588.97
Geo 02,2023-04-24,11010.98,88030.86
Geo 02,2023-05-01,11062.25,88160.11
Geo 02,2023-05-08,10403.27,90128.25
Geo 02,2023-05-15,10231.39,85580.33
Geo 02,2023-05-22,11021.18,88107.45
Geo 02,2023-05-29,10181.64,86133.53
Geo 02,2023-06-05,10224.27,85703.86
Geo 02,2023-06-12,10085.88,84061.55
Geo 02,2023-06-19,9894.09,81759.73
Geo 02,2023-06-26,9829.78,81357.5
Geo 02,2023-07-03,10933.18,81244.88
Geo 02,2023-07-10,9909.55,79549.37
Geo 02,2023-07-17,9727.36,76572.88
Geo 02,2023-07-24,9685.3,76093.17
Geo 02,2023-07-31,9157.4,77618.19
Geo 02,2023-08-07,9397.87,77098.18
Geo 02,2023-08-14,9048.75,77520.63
Geo 02,2023-08-21,9448.82,75957.82
Geo 02,2023-08-28,9413.84,75069.06
Geo 02,2023-09-04,9521.1,75267.69
Geo 02,2023-09-11,9695.51,74475.03
Geo 02,2023-09-18,9467.83,75253.32
Geo 02,2023-09-25,9720.47,73134.3
Geo 02,2023-10-02,9537.3,74333.74
Geo 02,2023-10-09,9537.7,77175.24
Geo 02,2023-10-16,9623.34,78109.29
Geo 02,2023-10-23,9715.69,77954.31
Geo 02,2023-10-30,9423.27,78590.66
Geo 02,2023-11-06,10197.81,79614.42
Geo 02,2023-11-13,10196.85,79548.83
Geo 02,2023-11-20,10208.63,80095.21
Geo 02,2023-11-27,10146.15,81202.8
Geo 02,2023-12-04,10208.93,82117.96
Geo 02,2023-12-11,10396.02,82058.35
Geo 02,2023-12-18,10666.36,82848.15
Geo 02,2023-12-25,10885.83,83239.72
Geo 02,2024-01-01,11423.33,82313.17
Geo 02,2024-01-08,10612.1,80958.84
Geo 02,2024-01-15,11237.63,82062.26
Geo 02,2024-01-22,11249.25,83653.04
Geo 02,2024-01-29,11420.22,85988.07
Geo 02,2024-02-05,8319.31,84904.83
Geo 02,2024-02-12,7922.4,83955.9
Geo 02,2024-02-19,8018.48,85460.27
Geo 02,2024-02-26,7672.25,84593.23
Geo 02,2024-03-04,7950.48,84579.42
Geo 02,2024-03-11,8200.25,86757.27
Geo 02,2024-03-18,8223.56,86858.12
Geo 02,2024-03-25,8331.04,86103.02
Geo 03,2022-04-04,11626.06,100243.15
Geo 03,2022-04-11,11671.54,103115.93
Geo 03,2022-04-18,12078.73,101873.94
Geo 03,2022-04-25,12306.85,104565.74
Geo 03,2022-05-02,11707.57,107145.65
Geo 03,2022-05-09,11415.6,105175.21
Geo 03,2022-05-16,11296.85,104967.41
Geo 03,2022-05-23,11983.71,105111.73
Geo 03,2022-05-30,12360.42,103368.94
Geo 03,2022-06-06,11306.63,101941.79
Geo 03,2022-06-13,11560.67,100150.54
Geo 03,2022-06-20,11720.0,99336.84
Geo 03,2022-06-27,11599.53,96514.56
Geo 03,2022-07-04,12217.96,95627.64
Geo 03,2022-07-11,11716.55,95787.26
Geo 03,2022-07-18,10677.76,92881.24
Geo 03,2022-07-25,11447.64,93429.25
Geo 03,2022-08-01,11509.05,93136.34
Geo 03,2022-08-08,10915.29,91047.05
Geo 03,2022-08-15,11182.87,89353.15
Geo 03,2022-08-22,10708.84,87285.38
Geo 03,2022-08-29,10113.42,88488.18
Geo 03,2022-09-05,10408.0,87851.13
Geo 03,2022-09-12,10584.39,89223.34
Geo 03,2022-09-19,10740.94,90548.08
Geo 03,2022-09-26,10634.91,91015.35
Geo 03,2022-10-03,11165.3,90086.4
Geo 03,2022-10-10,10817.04,89515.57
Geo 03,2022-10-17,10430.95,91420.5
Geo 03,2022-10-24,10999.19,92138.72
Geo 03,2022-10-31,10832.1,92885.12
Geo 03,2022-11-07,11610.78,91771.36
Geo 03,2022-11-14,11566.06,90983.76
Geo 03,2022-11-21,12195.06,91238.99
Geo 03,2022-11-28,11646.25,95697.43
Geo 03,2022-12-05,12257.76,94591.54
Geo 03,2022-12-12,11420.64,94572.04
Geo 03,2022-12-19,11433.85,96474.5
Geo 03,2022-12-26,11842.73,93087.72
Geo 03,2023-01-02,12448.88,97623.78
Geo 03,2023-01-09,12049.81,96662.86
Geo 03,2023-01-16,12422.1,95419.35
Geo 03,2023-01-23,11885.45,95116.74
Geo 03,2023-01-30,12126.66,96493.04
Geo 03,2023-02-06,12303.67,99508.91
Geo 03,2023-02-13,12722.05,99486.68
Geo 03,2023-02-20,12734.02,100385.56
Geo 03,2023-02-27,12740.62,103411.0
Geo 03,2023-03-06,12502.85,101690.11
Geo 03,2023-03-13,12921.44,103678.86
Geo 03,2023-03-20,13162.17,101750.07
Geo 03,2023-03-27,14076.14,101847.56
Geo 03,2023-04-03,13338.24,104296.06
Geo 03,2023-04-10,12728.31,107976.34
Geo 03,2023-04-17,12735.44,109785.91
Geo 03,2023-04-24,12731.05,109496.52
Geo 03,2023-05-01,12096.34,109635.88
Geo 03,2023-05-08,12001.37,107901.4
Geo 03,2023-05-15,12057.46,109893.36
Geo 03,2023-05-22,11888.09,108576.15
Geo 03,2023-05-29,12468.96,105992.74
Geo 03,2023-06-05,11720.47,105289.21
Geo 03,2023-06-12,11623.62,104620.32
Geo 03,2023-06-19,11678.44,102638.62
Geo 03,2023-06-26,12586.59,103016.93
Geo 03,2023-07-03,12127.95,99651.81
Geo 03,2023-07-10,11855.84,101606.65
Geo 03,2023-07-17,12074.09,99840.48
Geo 03,2023-07-24,11847.13,97676.04
Geo 03,2023-07-31,11408.28,96767.86
Geo 03,2023-08-07,11874.68,98589.18
Geo 03,2023-08-14,11713.13,94499.26
Geo 03,2023-08-21,11453.39,96045.49
Geo 03,2023-08-28,11448.28,97445.31
Geo 03,2023-09-04,11569.43,95007.3
Geo 03,2023-09-11,11507.13,94980.21
Geo 03,2023-09-18,11874.04,94812.6
Geo 03,2023-09-25,11634.94,93165.13
Geo 03,2023-10-02,11145.3,95343.77
Geo 03,2023-10-09,11431.3,96053.76
Geo 03,2023-10-16,11813.79,96776.81
Geo 03,2023-10-23,10955.18,97982.94
Geo 03,2023-10-30,11834.7,99045.64
Geo 03,2023-11-06,11627.48,99590.75
Geo 03,2023-11-13,11646.72,97087.55
Geo 03,2023-11-20,11751.27,99083.93
Geo 03,2023-11-27,11616.08,101850.47
Geo 03,2023-12-04,12017.39,102561.09
Geo 03,2023-12-11,12364.38,103225.53
Geo 03,2023-12-18,12971.6,103832.95
Geo 03,2023-12-25,12383.45,104135.26
Geo 03,2024-01-01,12978.12,106757.62
Geo 03,2024-01-08,12898.98,103801.45
Geo 03,2024-01-15,12678.17,102271.87
Geo 03,2024-01-22,13819.58,103671.64
Geo 03,2024-01-29,13188.58,107095.83
Geo 03,2024-02-05,13605.59,106589.8
Geo 03,2024-02-12,13230.03,108376.16
Geo 03,2024-02-19,14004.04,105690.65
Geo 03,2024-02-26,13893.07,105216.96
Geo 03,2024-03-04,13450.12,108197.38
Geo 03,2024-03-11,14260.96,110329.34
Geo 03,2024-03-18,13664.61,110536.11
Geo 03,2024-03-25,13481.61,110538.82
Geo 04,2022-04-04,11801.78,100272.85
Geo 04,2022-04-11,12388.0,99352.12
Geo 04,2022-04-18,12999.64,99812.92
Geo 04,2022-04-25,12292.2,100999.11
Geo 04,2022-05-02,11866.93,101194.36
Geo 04,2022-05-09,11796.56,104751.01
Geo 04,2022-05-16,12124.96,104937.68
Geo 04,2022-05-23,12299.41,102052.0
Geo 04,2022-05-30,11713.26,101905.28
Geo 04,2022-06-06,11616.01,98818.23
Geo 04,2022-06-13,11403.72,97397.74
Geo 04,2022-06-20,10886.99,98129.82
Geo 04,2022-06-27,11383.94,96799.64
Geo 04,2022-07-04,11360.19,94623.44
Geo 04,2022-07-11,10794.07,93962.53
Geo 04,2022-07-18,11585.76,95039.88
Geo 04,2022-07-25,10227.67,94400.94
Geo 04,2022-08-01,10571.67,93480.65
Geo 04,2022-08-08,10940.21,91088.53
Geo 04,2022-08-15,11264.82,92092.21
Geo 04,2022-08-22,10905.84,90050.14
Geo 04,2022-08-29,11070.82,87918.61
Geo 04,2022-09-05,10600.78,88040.59
Geo 04,2022-09-12,10438.42,89191.6
Geo 04,2022-09-19,10564.3,90865.51
Geo 04,2022-09-26,11205.9,89307.58
Geo 04,2022-10-03,11173.08,90178.62
Geo 04,2022-10-10,11395.51,90210.77
Geo 04,2022-10-17,11084.47,91263.97
Geo 04,2022-10-24,11142.98,93256.71
Geo 04,2022-10-31,11345.63,92901.08
Geo 04,2022-11-07,11473.05,94312.54
Geo 04,2022-11-14,11597.56,94432.98
Geo 04,2022-11-21,10575.14,92484.0
Geo 04,2022-11-28,11547.13,95208.35
Geo 04,2022-12-05,11323.56,96223.88
Geo 04,2022-12-12,11058.49,93171.17
Geo 04,2022-12-19,12304.19,96034.15
Geo 04,2022-12-26,12223.07,97028.28
Geo 04,2023-01-02,12158.65,95884.84
Geo 04,2023-01-09,12338.57,95217.07
Geo 04,2023-01-16,13645.6,95408.21
Geo 04,2023-01-23,12863.81,94531.24
Geo 04,2023-01-30,12601.37,92633.56
Geo 04,2023-02-06,12661.57,96878.59
Geo 04,2023-02-13,13091.53,99793.19
Geo 04,2023-02-20,13026.19,101881.86
Geo 04,2023-02-27,12914.99,102911.9
Geo 04,2023-03-06,12770.4,102860.27
Geo 04,2023-03-13,13691.44,105657.47
Geo 04,2023-03-20,12658.45,105085.3
Geo 04,2023-03-27,12921.64,106544.59
Geo 04,2023-04-03,13760.88,107064.84
Geo 04,2023-04-10,14025.7,105832.76
Geo 04,2023-04-17,13000.6,108209.92
Geo 04,2023-04-24,13031.07,108991.79
Geo 04,2023-05-01,13434.46,109814.05
Geo 04,2023-05-08,13211.18,108561.0
Geo 04,2023-05-15,12768.33,108398.41
Geo 04,2023-05-22,12821.1,106682.53
Geo 04,2023-05-29,13115.5,106954.33
Geo 04,2023-06-05,12323.07,105376.77
Geo 04,2023-06-12,12426.52,106876.53
Geo 04,2023-06-19,12214.07,104581.82
Geo 04,2023-06-26,12022.87,101002.38
Geo 04,2023-07-03,11599.29,100978.44
Geo 04,2023-07-10,11760.77,102496.74
Geo 04,2023-07-17,11314.67,101716.16
Geo 04,2023-07-24,11038.62,101216.82
Geo 04,2023-07-31,10761.81,97521.09
Geo 04,2023-08-07,11439.2,94984.88
Geo 04,2023-08-14,11499.48,94259.72
Geo 04,2023-08-21,11640.0,91833.6
Geo 04,2023-08-28,11699.23,91923.81
Geo 04,2023-09-04,11111.58,94248.93
Geo 04,2023-09-11,11146.55,94974.15
Geo 04,2023-09-18,11261.18,96192.98
Geo 04,2023-09-25,11318.68,96329.51
Geo 04,2023-10-02,11643.42,95388.29
Geo 04,2023-10-09,11358.66,97957.63
Geo 04,2023-10-16,11261.84,97009.04
Geo 04,2023-10-23,12609.47,97082.29
Geo 04,2023-10-30,12461.04,95785.28
Geo 04,2023-11-06,11927.13,100613.8
Geo 04,2023-11-13,12233.07,101900.54
Geo 04,2023-11-20,12527.75,102038.28
Geo 04,2023-11-27,12674.53,101829.15
Geo 04,2023-12-04,12896.88,104693.42
Geo 04,2023-12-11,13029.31,102851.19
Geo 04,2023-12-18,13321.3,103244.1
Geo 04,2023-12-25,13236.97,104641.66
Geo 04,2024-01-01,13446.53,104969.78
Geo 04,2024-01-08,12931.31,105688.36
Geo 04,2024-01-15,13770.71,106620.74
Geo 04,2024-01-22,13810.32,104901.58
Geo 04,2024-01-29,13773.44,104702.82
Geo 04,2024-02-05,9323.4,106512.47
Geo 04,2024-02-12,10310.73,107126.0
Geo 04,2024-02-19,9838.17,107871.74
Geo 04,2024-02-26,9716.26,105298.38
Geo 04,2024-03-04,9954.0,106232.37
Geo 04,2024-03-11,9712.72,107850.23
Geo 04,2024-03-18,10300.53,106369.84
Geo 04,2024-03-25,9734.07,106900.79
Geo 05,2022-04-04,14837.17,120487.59
Geo 05,2022-04-11,14836.11,119186.09
Geo 05,2022-04-18,13846.73,119732.79
Geo 05,2022-04-25,14049.06,121374.32
Geo 05,2022-05-02,14650.88,121075.65
Geo 05,2022-05-09,14265.64,123139.25
Geo 05,2022-05-16,14701.72,120683.04
Geo 05,2022-05-23,13852.22,122203.4
Geo 05,2022-05-30,13635.2,117156.37
Geo 05,2022-06-06,13213.73,117531.05
Geo 05,2022-06-13,13234.69,113827.75
Geo 05,2022-06-20,12781.8,112717.04
Geo 05,2022-06-27,12890.64,111500.12
Geo 05,2022-07-04,12497.16,113053.57
Geo 05,2022-07-11,12613.0,111777.0
Geo 05,2022-07-18,13260.75,110776.77
Geo 05,2022-07-25,12573.63,110175.77
Geo 05,2022-08-01,12655.41,110709.07
Geo 05,2022-08-08,12804.54,109018.83
Geo 05,2022-08-15,12630.48,105450.4
Geo 05,2022-08-22,12367.35,102227.88
Geo 05,2022-08-29,11945.87,104094.4
Geo 05,2022-09-05,12431.69,106090.26
Geo 05,2022-09-12,12116.76,106023.92
Geo 05,2022-09-19,12152.91,106366.0
Geo 05,2022-09-26,12389.43,104698.79
Geo 05,2022-10-03,12148.92,102912.49
Geo 05,2022-10-10,12917.04,104746.8
Geo 05,2022-10-17,13309.44,108414.97
Geo 05,2022-10-24,13030.02,111178.69
Geo 05,2022-10-31,12888.61,111162.81
Geo 05,2022-11-07,13018.33,113058.67
Geo 05,2022-11-14,13181.35,110545.56
Geo 05,2022-11-21,12913.01,109511.61
Geo 05,2022-11-28,13062.92,112500.51
Geo 05,2022-12-05,13382.0,113672.02
Geo 05,2022-12-12,13402.65,112583.94
Geo 05,2022-12-19,14249.73,113259.1
Geo 05,2022-12-26,13719.42,114177.67
Geo 05,2023-01-02,13777.39,115836.34
Geo 05,2023-01-09,14666.52,115055.15
Geo 05,2023-01-16,14300.06,111991.4
Geo 05,2023-01-23,15826.12,112512.93
Geo 05,2023-01-30,15496.63,110465.76
Geo 05,2023-02-06,14815.8,117076.65
Geo 05,2023-02-13,15396.66,115733.73
Geo 05,2023-02-20,15104.75,116062.89
Geo 05,2023-02-27,14893.48,117666.48
Geo 05,2023-03-06,15569.02,121583.36
Geo 05,2023-03-13,15383.82,119440.9
Geo 05,2023-03-20,15541.9,117449.58
Geo 05,2023-03-27,15249.9,119054.25
Geo 05,2023-04-03,15418.65,121945.53
Geo 05,2023-04-10,14687.43,125218.89
Geo 05,2023-04-17,14941.1,125637.58
Geo 05,2023-04-24,14574.35,126659.79
Geo 05,2023-05-01,15451.21,126632.99
Geo 05,2023-05-08,14971.15,125385.2
Geo 05,2023-05-15,15029.51,125512.17
Geo 05,2023-05-22,15084.34,126904.53
Geo 05,2023-05-29,15164.82,121987.92
Geo 05,2023-06-05,15201.78,122062.43
Geo 05,2023-06-12,14746.69,124249.99
Geo 05,2023-06-19,13875.33,122181.47
Geo 05,2023-06-26,13213.89,119162.95
Geo 05,2023-07-03,13788.96,117449.13
Geo 05,2023-07-10,14030.74,117242.06
Geo 05,2023-07-17,13416.81,113205.26
Geo 05,2023-07-24,13036.86,112078.07
Geo 05,2023-07-31,13565.53,111621.09
Geo 05,2023-08-07,12929.82,109686.32
Geo 05,2023-08-14,14047.83,109899.52
Geo 05,2023-08-21,13016.59,108632.67
Geo 05,2023-08-28,12911.28,106370.2
Geo 05,2023-09-04,13091.37,111003.56
Geo 05,2023-09-11,12946.33,112736.14
Geo 05,2023-09-18,13404.78,112956.43
Geo 05,2023-09-25,13392.7,112449.94
Geo 05,2023-10-02,12407.3,114231.44
Geo 05,2023-10-09,12942.52,114070.95
Geo 05,2023-10-16,14020.78,116322.96
Geo 05,2023-10-23,14731.23,113615.52
Geo 05,2023-10-30,13840.96,114089.36
Geo 05,2023-11-06,13900.06,117505.78
Geo 05,2023-11-13,14099.74,117202.47
Geo 05,2023-11-20,14753.53,119034.4
Geo 05,2023-11-27,14130.67,118216.58
Geo 05,2023-12-04,15163.13,117675.46
Geo 05,2023-12-11,14793.1,118881.14
Geo 05,2023-12-18,15271.82,120840.73
Geo 05,2023-12-25,16094.62,118966.58
Geo 05,2024-01-01,15950.8,118374.05
Geo 05,2024-01-08,16799.8,116335.59
Geo 05,2024-01-15,16369.71,119577.77
Geo 05,2024-01-22,15326.97,122856.95
Geo 05,2024-01-29,15315.31,120888.28
Geo 05,2024-02-05,16061.38,123776.73
Geo 05,2024-02-12,17284.27,120788.58
Geo 05,2024-02-19,16033.95,126414.39
Geo 05,2024-02-26,16563.65,126903.7
Geo 05,2024-03-04,15114.97,125135.39
Geo 05,2024-03-11,15611.42,125980.7
Geo 05,2024-03-18,16213.56,129475.43
Geo 05,2024-03-25,16306.81,132768.13
Geo 06,2022-04-04,14126.31,119874.73
Geo 06,2022-04-11,13454.63,119883.73
Geo 06,2022-04-18,13806.78,120407.53
Geo 06,2022-04-25,13787.81,121008.49
Geo 06,2022-05-02,14033.52,121880.51
Geo 06,2022-05-09,13935.37,122175.42
Geo 06,2022-05-16,13915.49,121389.51
Geo 06,2022-05-23,13946.54,123298.83
Geo 06,2022-05-30,13647.1,120072.42
Geo 06,2022-06-06,13655.94,118350.46
Geo 06,2022-06-13,12927.66,113961.3
Geo 06,2022-06-20,13739.24,114518.97
Geo 06,2022-06-27,12868.01,112479.0
Geo 06,2022-07-04,12377.93,110735.19
Geo 06,2022-07-11,13107.34,108764.94
Geo 06,2022-07-18,13743.85,113203.93
Geo 06,2022-07-25,12725.39,107392.61
Geo 06,2022-08-01,11995.46,106783.95
Geo 06,2022-08-08,12574.55,108302.01
Geo 06,2022-08-15,12353.39,111019.64
Geo 06,2022-08-22,12650.71,105598.79
Geo 06,2022-08-29,12330.18,105128.89
Geo 06,2022-09-05,12140.44,105879.33
Geo 06,2022-09-12,13064.53,107982.16
Geo 06,2022-09-19,12595.74,104417.16
Geo 06,2022-09-26,11568.5,104358.47
Geo 06,2022-10-03,12020.91,104150.58
Geo 06,2022-10-10,12351.29,105338.2
Geo 06,2022-10-17,12582.54,110059.79
Geo 06,2022-10-24,13215.64,107891.72
Geo 06,2022-10-31,13572.7,108174.64
Geo 06,2022-11-07,13699.02,111758.76
Geo 06,2022-11-14,14286.46,110505.79
Geo 06,2022-11-21,13464.38,109990.9
Geo 06,2022-11-28,13209.01,108620.3
Geo 06,2022-12-05,13221.53,109412.5
Geo 06,2022-12-12,13674.09,113920.48
Geo 06,2022-12-19,14708.05,111754.69
Geo 06,2022-12-26,14096.13,110702.94
Geo 06,2023-01-02,14079.81,113498.18
Geo 06,2023-01-09,14398.48,111719.55
Geo 06,2023-01-16,13760.87,114287.53
Geo 06,2023-01-23,14646.57,115443.48
Geo 06,2023-01-30,14951.72,116228.01
Geo 06,2023-02-06,14883.07,113735.58
Geo 06,2023-02-13,15218.18,115386.61
Geo 06,2023-02-20,15074.46,118643.18
Geo 06,2023-02-27,14611.82,119636.92
Geo 06,2023-03-06,14962.01,117739.11
Geo 06,2023-03-13,15418.46,122602.77
Geo 06,2023-03-20,15991.19,122531.1
Geo 06,2023-03-27,15318.61,120788.18
Geo 06,2023-04-03,15588.43,123266.69
Geo 06,2023-04-10,15132.81,129148.42
Geo 06,2023-04-17,15226.74,127497.22
Geo 06,2023-04-24,15346.38,130229.8
Geo 06,2023-05-01,15019.17,127491.08
Geo 06,2023-05-08,14431.9,125706.25
Geo 06,2023-05-15,14985.17,125813.88
Geo 06,2023-05-22,14996.96,123952.96
Geo 06,2023-05-29,15009.12,127530.85
Geo 06,2023-06-05,13894.26,126833.91
Geo 06,2023-06-12,13549.47,124078.85
Geo 06,2023-06-19,14257.2,124793.29
Geo 06,2023-06-26,14545.85,121058.53
Geo 06,2023-07-03,13946.22,118867.03
Geo 06,2023-07-10,13233.12,117817.93
Geo 06,2023-07-17,13485.53,115709.64
Geo 06,2023-07-24,13341.35,113329.64
Geo 06,2023-07-31,13559.86,109543.84
Geo 06,2023-08-07,12719.7,110776.34
Geo 06,2023-08-14,13508.89,109281.68
Geo 06,2023-08-21,13149.61,111840.84
Geo 06,2023-08-28,12692.85,109331.49
Geo 06,2023-09-04,12641.16,110241.19
Geo 06,2023-09-11,13286.39,108604.69
Geo 06,2023-09-18,12952.41,113569.98
Geo 06,2023-09-25,12341.15,112312.16
Geo 06,2023-10-02,13172.68,110197.01
Geo 06,2023-10-09,13377.68,110319.81
Geo 06,2023-10-16,14276.01,113869.41
Geo 06,2023-10-23,14424.98,113204.61
Geo 06,2023-10-30,13316.53,113923.04
Geo 06,2023-11-06,14255.28,112826.46
Geo 06,2023-11-13,13578.79,111207.2
Geo 06,2023-11-20,15117.09,114880.68
Geo 06,2023-11-27,14707.92,113804.95
Geo 06,2023-12-04,14988.37,116546.58
Geo 06,2023-12-11,14882.9,118762.72
Geo 06,2023-12-18,14923.57,120034.8
Geo 06,2023-12-25,14083.19,119119.43
Geo 06,2024-01-01,15246.7,117897.22
Geo 06,2024-01-08,16308.17,117481.42
Geo 06,2024-01-15,16007.47,116593.32
Geo 06,2024-01-22,15192.62,121272.43
Geo 06,2024-01-29,15899.82,121732.09
Geo 06,2024-02-05,11593.75,120505.11
Geo 06,2024-02-12,11179.83,122124.04
Geo 06,2024-02-19,11295.77,123827.19
Geo 06,2024-02-26,11292.55,126012.44
Geo 06,2024-03-04,11508.15,124306.47
Geo 06,2024-03-11,11373.58,126694.33
Geo 06,2024-03-18,11385.56,128874.79
Geo 06,2024-03-25,11355.21,128752.36
Geo 07,2022-04-04,17124.67,138460.25
Geo 07,2022-04-11,16749.23,139670.4
Geo 07,2022-04-18,16804.47,139530.75
Geo 07,2022-04-25,17508.03,141086.95
Geo 07,2022-05-02,16894.69,140329.69
Geo 07,2022-05-09,17148.42,140944.31
Geo 07,2022-05-16,17363.52,139216.47
Geo 07,2022-05-23,16008.3,138718.39
Geo 07,2022-05-30,15778.8,137064.37
Geo 07,2022-06-06,16493.04,136800.86
Geo 07,2022-06-13,15655.88,133869.95
Geo 07,2022-06-20,15380.27,134936.08
Geo 07,2022-06-27,15633.28,131424.18
Geo 07,2022-07-04,15187.75,129782.68
Geo 07,2022-07-11,14653.26,129426.95
Geo 07,2022-07-18,14706.56,127086.23
Geo 07,2022-07-25,14298.52,129214.17
Geo 07,2022-08-01,14505.65,123840.69
Geo 07,2022-08-08,14112.93,125996.5
Geo 07,2022-08-15,13487.26,126010.72
Geo 07,2022-08-22,14180.0,124584.73
Geo 07,2022-08-29,13808.92,121584.37
Geo 07,2022-09-05,14296.54,123419.42
Geo 07,2022-09-12,14221.46,125499.62
Geo 07,2022-09-19,14301.33,124753.49
Geo 07,2022-09-26,14536.64,121010.3
Geo 07,2022-10-03,14270.39,118724.75
Geo 07,2022-10-10,14882.79,120568.76
Geo 07,2022-10-17,15496.98,122505.51
Geo 07,2022-10-24,14454.26,121092.49
Geo 07,2022-10-31,14272.28,124931.35
Geo 07,2022-11-07,14868.7,124755.55
Geo 07,2022-11-14,15117.09,125092.66
Geo 07,2022-11-21,15305.57,123982.53
Geo 07,2022-11-28,16163.18,126331.4
Geo 07,2022-12-05,16003.01,127705.82
Geo 07,2022-12-12,16620.16,128222.53
Geo 07,2022-12-19,16420.2,130381.62
Geo 07,2022-12-26,16106.95,130134.79
Geo 07,2023-01-02,16089.52,131115.57
Geo 07,2023-01-09,16872.38,131270.15
Geo 07,2023-01-16,17103.78,129112.27
Geo 07,2023-01-23,16708.15,124055.62
Geo 07,2023-01-30,17302.55,132186.15
Geo 07,2023-02-06,17920.11,131741.47
Geo 07,2023-02-13,18960.33,128622.97
Geo 07,2023-02-20,18021.98,133870.91
Geo 07,2023-02-27,18214.45,134849.81
Geo 07,2023-03-06,18919.18,135586.86
Geo 07,2023-03-13,18849.87,137143.93
Geo 07,2023-03-20,18892.46,137218.88
Geo 07,2023-03-27,17879.34,137942.21
Geo 07,2023-04-03,17143.66,140190.12
Geo 07,2023-04-10,16690.33,143483.32
Geo 07,2023-04-17,17879.23,146619.78
Geo 07,2023-04-24,17827.51,145330.79
Geo 07,2023-05-01,17740.85,145142.08
Geo 07,2023-05-08,17173.45,143179.27
Geo 07,2023-05-15,17871.22,144230.99
Geo 07,2023-05-22,16941.41,145214.48
Geo 07,2023-05-29,16818.13,141898.42
Geo 07,2023-06-05,17110.03,140541.21
Geo 07,2023-06-12,17162.2,138710.2
Geo 07,2023-06-19,17602.66,138936.77
Geo 07,2023-06-26,16578.83,140065.87
Geo 07,2023-07-03,16484.97,132565.06
Geo 07,2023-07-10,16398.51,129611.02
Geo 07,2023-07-17,15386.56,126543.12
Geo 07,2023-07-24,15068.92,124581.47
Geo 07,2023-07-31,15672.47,127071.15
Geo 07,2023-08-07,16616.48,125202.41
Geo 07,2023-08-14,15408.3,124491.55
Geo 07,2023-08-21,15503.29,122156.18
Geo 07,2023-08-28,14796.29,120517.25
Geo 07,2023-09-04,16151.43,126115.6
Geo 07,2023-09-11,15438.95,125336.47
Geo 07,2023-09-18,15306.12,125605.04
Geo 07,2023-09-25,15591.59,123750.48
Geo 07,2023-10-02,15453.17,126661.53
Geo 07,2023-10-09,16445.76,128211.59
Geo 07,2023-10-16,16264.69,126808.47
Geo 07,2023-10-23,16398.28,128940.97
Geo 07,2023-10-30,16092.24,130578.89
Geo 07,2023-11-06,15911.03,131196.37
Geo 07,2023-11-13,16021.92,129068.17
Geo 07,2023-11-20,16200.42,132291.24
Geo 07,2023-11-27,17064.75,131915.8
Geo 07,2023-12-04,17572.82,131305.59
Geo 07,2023-12-11,17474.9,129695.37
Geo 07,2023-12-18,17715.5,134243.95
Geo 07,2023-12-25,18747.24,134880.41
Geo 07,2024-01-01,17969.26,130880.44
Geo 07,2024-01-08,17290.88,133511.59
Geo 07,2024-01-15,17459.26,133549.15
Geo 07,2024-01-22,18052.43,133401.02
Geo 07,2024-01-29,17892.61,136922.3
Geo 07,2024-02-05,19108.32,134962.44
Geo 07,2024-02-12,19395.75,137960.23
Geo 07,2024-02-19,19983.44,137265.47
Geo 07,2024-02-26,20245.14,140143.34
Geo 07,2024-03-04,20472.67,137124.49
Geo 07,2024-03-11,18935.35,137668.92
Geo 07,2024-03-18,18873.61,138012.66
Geo 07,2024-03-25,19247.82,141051.42
Geo 08,2022-04-04,17227.28,136782.32
Geo 08,2022-04-11,16066.14,133599.89
Geo 08,2022-04-18,16614.12,130195.89
Geo 08,2022-04-25,16690.08,135559.54
Geo 08,2022-05-02,15614.64,140017.33
Geo 08,2022-05-09,16402.19,138863.84
Geo 08,2022-05-16,16034.76,139437.51
Geo 08,2022-05-23,15653.77,136595.49
Geo 08,2022-05-30,15790.02,133881.34
Geo 08,2022-06-06,15921.69,131327.82
Geo 08,2022-06-13,16056.22,130414.3
Geo 08,2022-06-20,15072.06,127909.51
Geo 08,2022-06-27,15632.37,126770.03
Geo 08,2022-07-04,15542.41,132087.76
Geo 08,2022-07-11,14835.05,126311.47
Geo 08,2022-07-18,15370.69,124431.51
Geo 08,2022-07-25,14741.45,126816.6
Geo 08,2022-08-01,14183.3,121345.8
Geo 08,2022-08-08,14963.86,126220.68
Geo 08,2022-08-15,14491.71,119900.05
Geo 08,2022-08-22,14256.09,118158.15
Geo 08,2022-08-29,14975.4,117868.39
Geo 08,2022-09-05,14520.64,118938.02
Geo 08,2022-09-12,14031.26,119837.3
Geo 08,2022-09-19,14815.89,122159.82
Geo 08,2022-09-26,13862.83,123479.42
Geo 08,2022-10-03,13539.01,117890.69
Geo 08,2022-10-10,14663.64,119064.88
Geo 08,2022-10-17,14513.96,118161.65
Geo 08,2022-10-24,14805.08,120910.05
Geo 08,2022-10-31,15070.81,122113.16
Geo 08,2022-11-07,15003.29,122071.29
Geo 08,2022-11-14,15150.03,122773.54
Geo 08,2022-11-21,15095.55,129011.07
Geo 08,2022-11-28,15421.94,131612.32
Geo 08,2022-12-05,16129.72,127026.74
Geo 08,2022-12-12,16995.64,128533.66
Geo 08,2022-12-19,16997.44,128187.6
Geo 08,2022-12-26,17618.33,128362.75
Geo 08,2023-01-02,17465.91,130103.36
Geo 08,2023-01-09,17699.22,129108.42
Geo 08,2023-01-16,17512.27,127734.17
Geo 08,2023-01-23,18379.89,132770.52
Geo 08,2023-01-30,18080.38,132991.7
Geo 08,2023-02-06,17595.34,136291.29
Geo 08,2023-02-13,17615.76,129979.81
Geo 08,2023-02-20,17724.56,132598.64
Geo 08,2023-02-27,18613.32,129354.63
Geo 08,2023-03-06,17779.37,131606.62
Geo 08,2023-03-13,17821.67,131710.11
Geo 08,2023-03-20,18610.61,134132.74
Geo 08,2023-03-27,18046.79,134209.93
Geo 08,2023-04-03,18375.9,137329.72
Geo 08,2023-04-10,18769.85,139360.61
Geo 08,2023-04-17,18713.78,143586.64
Geo 08,2023-04-24,17515.27,145800.53
Geo 08,2023-05-01,18294.4,143763.76
Geo 08,2023-05-08,17502.29,141294.74
Geo 08,2023-05-15,16370.04,141634.15
Geo 08,2023-05-22,17095.36,143187.77
Geo 08,2023-05-29,17144.25,138352.2
Geo 08,2023-06-05,17726.01,138979.06
Geo 08,2023-06-12,17446.92,137892.69
Geo 08,2023-06-19,17653.52,135782.38
Geo 08,2023-06-26,16454.66,132852.05
Geo 08,2023-07-03,17118.08,128829.79
Geo 08,2023-07-10,16304.41,127098.35
Geo 08,2023-07-17,16044.67,126844.84
Geo 08,2023-07-24,15796.77,124318.89
Geo 08,2023-07-31,15578.78,124123.79
Geo 08,2023-08-07,15849.55,120319.84
Geo 08,2023-08-14,15542.5,119406.93
Geo 08,2023-08-21,15788.12,118694.99
Geo 08,2023-08-28,15684.55,119352.01
Geo 08,2023-09-04,14813.54,117815.99
Geo 08,2023-09-11,15826.66,121788.83
Geo 08,2023-09-18,15368.88,122229.04
Geo 08,2023-09-25,14251.09,123804.19
Geo 08,2023-10-02,15582.57,124766.47
Geo 08,2023-10-09,15781.59,125295.3
Geo 08,2023-10-16,16103.15,128760.2
Geo 08,2023-10-23,15602.95,125552.46
Geo 08,2023-10-30,15987.37,127312.88
Geo 08,2023-11-06,16038.64,128245.12
Geo 08,2023-11-13,16816.6,125100.94
Geo 08,2023-11-20,16249.35,128144.22
Geo 08,2023-11-27,16189.34,131898.02
Geo 08,2023-12-04,17180.55,131765.11
Geo 08,2023-12-11,17261.85,132070.57
Geo 08,2023-12-18,16978.56,133842.06
Geo 08,2023-12-25,17301.17,134111.75
Geo 08,2024-01-01,18289.76,131933.61
Geo 08,2024-01-08,17482.18,131167.08
Geo 08,2024-01-15,17895.49,132007.82
Geo 08,2024-01-22,18250.13,135969.41
Geo 08,2024-01-29,19499.31,135117.62
Geo 08,2024-02-05,13233.2,138002.38
Geo 08,2024-02-12,13318.72,133675.69
Geo 08,2024-02-19,12995.01,139883.9
Geo 08,2024-02-26,13118.52,136158.2
Geo 08,2024-03-04,12612.54,137847.47
Geo 08,2024-03-11,13347.0,142235.24
Geo 08,2024-03-18,13258.79,139527.92
Geo 08,2024-03-25,13682.79,142284.54
Geo 09,2022-04-04,19569.15,161960.74
Geo 09,2022-04-11,19699.94,162878.12
Geo 09,2022-04-18,19268.71,160656.54
Geo 09,2022-04-25,19009.42,164648.46
Geo 09,2022-05-02,19828.79,167423.2
Geo 09,2022-05-09,19739.32,162940.35
Geo 09,2022-05-16,19445.87,161232.21
Geo 09,2022-05-23,18991.94,162594.26
Geo 09,2022-05-30,18682.64,161167.27
Geo 09,2022-06-06,18618.04,159518.78
Geo 09,2022-06-13,18171.37,156209.88
Geo 09,2022-06-20,18246.67,154287.17
Geo 09,2022-06-27,17460.21,153201.06
Geo 09,2022-07-04,17808.85,155203.82
Geo 09,2022-07-11,17754.44,150926.2
Geo 09,2022-07-18,17363.89,146813.66
Geo 09,2022-07-25,17794.31,149266.48
Geo 09,2022-08-01,16950.33,147136.42
Geo 09,2022-08-08,17021.23,145652.74
Geo 09,2022-08-15,17040.43,142911.14
Geo 09,2022-08-22,17678.97,140951.75
Geo 09,2022-08-29,17232.38,138932.18
Geo 09,2022-09-05,16643.2,141438.02
Geo 09,2022-09-12,16828.08,142953.7
Geo 09,2022-09-19,16708.14,144247.88
Geo 09,2022-09-26,17861.85,144261.53
Geo 09,2022-10-03,16449.7,142939.56
Geo 09,2022-10-10,17093.96,148197.26
Geo 09,2022-10-17,16939.3,149817.32
Geo 09,2022-10-24,17435.36,151559.57
Geo 09,2022-10-31,17575.56,155829.36
Geo 09,2022-11-07,16457.2,151527.8
Geo 09,2022-11-14,17885.59,151912.18
Geo 09,2022-11-21,17952.16,147976.02
Geo 09,2022-11-28,19310.1,153665.19
Geo 09,2022-12-05,19134.84,156483.35
Geo 09,2022-12-12,19389.98,152752.03
Geo 09,2022-12-19,18849.6,155221.84
Geo 09,2022-12-26,18972.54,158820.81
Geo 09,2023-01-02,18912.1,160857.07
Geo 09,2023-01-09,19583.9,160145.43
Geo 09,2023-01-16,20033.6,158671.41
Geo 09,2023-01-23,18954.6,154746.24
Geo 09,2023-01-30,20366.63,155595.63
Geo 09,2023-02-06,20424.56,159027.03
Geo 09,2023-02-13,21452.27,159715.02
Geo 09,2023-02-20,20428.58,165425.24
Geo 09,2023-02-27,20339.07,162400.5
Geo 09,2023-03-06,20660.3,163643.42
Geo 09,2023-03-13,19670.01,168294.07
Geo 09,2023-03-20,21648.7,171280.74
Geo 09,2023-03-27,22354.59,173434.22
Geo 09,2023-04-03,22208.21,170515.27
Geo 09,2023-04-10,21750.89,171697.71
Geo 09,2023-04-17,20212.01,174254.14
Geo 09,2023-04-24,19868.08,174444.35
Geo 09,2023-05-01,20445.69,175343.29
Geo 09,2023-05-08,20981.72,174532.79
Geo 09,2023-05-15,19961.17,174379.84
Geo 09,2023-05-22,19956.18,168620.68
Geo 09,2023-05-29,19228.11,171215.54
Geo 09,2023-06-05,19729.13,168630.09
Geo 09,2023-06-12,18711.18,166849.64
Geo 09,2023-06-19,17889.36,167969.01
Geo 09,2023-06-26,18122.85,166465.84
Geo 09,2023-07-03,19202.32,163413.59
Geo 09,2023-07-10,18890.51,161129.84
Geo 09,2023-07-17,17818.6,161371.83
Geo 09,2023-07-24,18694.77,156803.46
Geo 09,2023-07-31,18123.37,155512.81
Geo 09,2023-08-07,18556.39,154596.22
Geo 09,2023-08-14,17907.8,149904.38
Geo 09,2023-08-21,17510.9,148502.68
Geo 09,2023-08-28,17414.77,148484.87
Geo 09,2023-09-04,18558.86,153323.34
Geo 09,2023-09-11,18578.3,152129.34
Geo 09,2023-09-18,18362.55,152915.39
Geo 09,2023-09-25,17779.71,153185.71
Geo 09,2023-10-02,19690.23,151414.81
Geo 09,2023-10-09,18954.35,154726.0
Geo 09,2023-10-16,18839.13,159440.25
Geo 09,2023-10-23,18759.71,156730.77
Geo 09,2023-10-30,17832.93,158797.15
Geo 09,2023-11-06,19233.6,160322.62
Geo 09,2023-11-13,19855.62,165304.33
Geo 09,2023-11-20,19790.59,162514.14
Geo 09,2023-11-27,19387.64,161668.9
Geo 09,2023-12-04,19391.38,166057.95
Geo 09,2023-12-11,19245.04,168005.92
Geo 09,2023-12-18,19308.13,168424.77
Geo 09,2023-12-25,19258.14,167748.99
Geo 09,2024-01-01,21098.69,166089.03
Geo 09,2024-01-08,20392.3,164003.26
Geo 09,2024-01-15,20094.51,167962.25
Geo 09,2024-01-22,20229.23,168573.43
Geo 09,2024-01-29,20936.83,171238.73
Geo 09,2024-02-05,15201.99,170581.05
Geo 09,2024-02-12,14675.74,170341.76
Geo 09,2024-02-19,15460.64,170317.45
Geo 09,2024-02-26,16548.76,166641.21
Geo 09,2024-03-04,16599.79,168375.26
Geo 09,2024-03-11,15098.46,171575.2
Geo 09,2024-03-18,15848.35,173446.48
Geo 09,2024-03-25,15785.23,175094.44
Geo 10,2022-04-04,19283.74,167965.64
Geo 10,2022-04-11,19113.06,162965.47
Geo 10,2022-04-18,18477.49,164664.76
Geo 10,2022-04-25,18384.37,166891.56
Geo 10,2022-05-02,19263.24,165583.14
Geo 10,2022-05-09,18625.98,166739.2
Geo 10,2022-05-16,19374.46,165936.34
Geo 10,2022-05-23,19108.0,160620.6
Geo 10,2022-05-30,18251.88,155801.4
Geo 10,2022-06-06,18392.57,156586.86
Geo 10,2022-06-13,18178.55,154078.96
Geo 10,2022-06-20,18216.56,155160.94
Geo 10,2022-06-27,17791.37,152097.87
Geo 10,2022-07-04,17725.34,153422.82
Geo 10,2022-07-11,17951.07,150917.66
Geo 10,2022-07-18,17524.14,152493.5
Geo 10,2022-07-25,17191.12,150469.32
Geo 10,2022-08-01,16165.64,151857.7
Geo 10,2022-08-08,18137.76,146759.2
Geo 10,2022-08-15,17328.04,145761.53
Geo 10,2022-08-22,17232.93,139317.52
Geo 10,2022-08-29,16091.39,139881.17
Geo 10,2022-09-05,16342.04,140918.19
Geo 10,2022-09-12,15939.23,142006.62
Geo 10,2022-09-19,16602.66,144908.59
Geo 10,2022-09-26,16607.34,143946.06
Geo 10,2022-10-03,15844.54,140328.1
Geo 10,2022-10-10,16238.16,142497.09
Geo 10,2022-10-17,16781.48,143012.53
Geo 10,2022-10-24,17316.85,145795.17
Geo 10,2022-10-31,17122.9,146419.97
Geo 10,2022-11-07,17527.66,147792.11
Geo 10,2022-11-14,17350.54,145390.03
Geo 10,2022-11-21,18466.36,143978.2
Geo 10,2022-11-28,18744.72,150105.72
Geo 10,2022-12-05,17862.66,151826.62
Geo 10,2022-12-12,18509.4,150515.09
Geo 10,2022-12-19,18499.78,152417.6
Geo 10,2022-12-26,19342.56,153931.51
Geo 10,2023-01-02,20487.76,156514.75
Geo 10,2023-01-09,19649.71,157119.68
Geo 10,2023-01-16,20402.63,153883.5
Geo 10,2023-01-23,20344.95,151967.75
Geo 10,2023-01-30,19584.84,150507.32
Geo 10,2023-02-06,20398.28,156272.51
Geo 10,2023-02-13,20984.41,154232.51
Geo 10,2023-02-20,21649.64,156451.6
Geo 10,2023-02-27,20679.77,158816.69
Geo 10,2023-03-06,21038.67,161627.84
Geo 10,2023-03-13,20968.44,162370.69
Geo 10,2023-03-20,21549.47,166394.98
Geo 10,2023-03-27,21312.58,168882.66
Geo 10,2023-04-03,21074.79,169759.34
Geo 10,2023-04-10,20835.15,169639.6
Geo 10,2023-04-17,21547.77,171492.56
Geo 10,2023-04-24,20125.82,168926.99
Geo 10,2023-05-01,19085.35,170808.41
Geo 10,2023-05-08,20086.84,172710.2
Geo 10,2023-05-15,19785.88,175196.67
Geo 10,2023-05-22,19702.91,173410.91
Geo 10,2023-05-29,19712.32,169546.44
Geo 10,2023-06-05,19265.37,167651.05
Geo 10,2023-06-12,18865.08,170298.24
Geo 10,2023-06-19,19173.21,168995.89
Geo 10,2023-06-26,19124.64,162300.88
Geo 10,2023-07-03,19001.88,160759.54
Geo 10,2023-07-10,17784.06,157443.88
Geo 10,2023-07-17,18306.19,150625.56
Geo 10,2023-07-24,18976.43,155329.1
Geo 10,2023-07-31,17976.56,154086.2
Geo 10,2023-08-07,17914.52,152310.73
Geo 10,2023-08-14,17766.69,154022.27
Geo 10,2023-08-21,17416.4,149075.49
Geo 10,2023-08-28,16923.05,149551.85
Geo 10,2023-09-04,17488.95,149995.17
Geo 10,2023-09-11,17446.14,154774.48
Geo 10,2023-09-18,17431.61,155566.47
Geo 10,2023-09-25,16869.13,152921.66
Geo 10,2023-10-02,17142.28,150171.57
Geo 10,2023-10-09,17774.41,151986.12
Geo 10,2023-10-16,18338.62,153733.36
Geo 10,2023-10-23,18866.41,150568.29
Geo 10,2023-10-30,19462.94,156251.42
Geo 10,2023-11-06,18885.99,157029.5
Geo 10,2023-11-13,18920.11,160045.76
Geo 10,2023-11-20,19649.15,158690.69
Geo 10,2023-11-27,19469.19,158994.53
Geo 10,2023-12-04,19006.71,161168.5
Geo 10,2023-12-11,20396.34,163007.54
Geo 10,2023-12-18,21003.26,162246.36
Geo 10,2023-12-25,20618.94,159908.05
Geo 10,2024-01-01,19959.14,159082.35
Geo 10,2024-01-08,20535.2,161751.19
Geo 10,2024-01-15,21069.84,166566.63
Geo 10,2024-01-22,20536.84,166579.43
Geo 10,2024-01-29,20910.25,168721.86
Geo 10,2024-02-05,21544.44,169662.17
Geo 10,2024-02-12,22444.38,171645.16
Geo 10,2024-02-19,21514.66,170778.0
Geo 10,2024-02-26,21229.89,169390.56
Geo 10,2024-03-04,21616.98,169763.49
Geo 10,2024-03-11,21335.73,168925.23
Geo 10,2024-03-18,21557.03,174217.15
Geo 10,2024-03-25,23174.58,175980.53
Geo 11,2022-04-04,21892.09,186584.67
Geo 11,2022-04-11,23100.16,183601.84
Geo 11,2022-04-18,23129.36,187999.07
Geo 11,2022-04-25,21918.77,184268.16
Geo 11,2022-05-02,21908.03,186285.57
Geo 11,2022-05-09,22362.33,192634.27
Geo 11,2022-05-16,22447.96,195120.09
Geo 11,2022-05-23,23754.88,192456.72
Geo 11,2022-05-30,22418.27,190016.68
Geo 11,2022-06-06,21971.99,182316.04
Geo 11,2022-06-13,21630.75,181149.07
Geo 11,2022-06-20,20848.51,176528.66
Geo 11,2022-06-27,21134.73,172856.81
Geo 11,2022-07-04,20606.22,172165.74
Geo 11,2022-07-11,20483.14,168178.92
Geo 11,2022-07-18,20254.59,174643.79
Geo 11,2022-07-25,19445.38,167610.02
Geo 11,2022-08-01,19602.89,161860.51
Geo 11,2022-08-08,19385.33,162230.34
Geo 11,2022-08-15,20641.11,159204.72
Geo 11,2022-08-22,20085.08,161320.82
Geo 11,2022-08-29,19840.61,160165.46
Geo 11,2022-09-05,18924.29,158368.07
Geo 11,2022-09-12,19328.02,163203.98
Geo 11,2022-09-19,20459.55,163173.22
Geo 11,2022-09-26,20671.75,167013.89
Geo 11,2022-10-03,20859.25,165968.15
Geo 11,2022-10-10,20044.68,169222.21
Geo 11,2022-10-17,20333.47,170232.42
Geo 11,2022-10-24,20028.85,168381.44
Geo 11,2022-10-31,20532.37,172375.63
Geo 11,2022-11-07,21046.3,172019.32
Geo 11,2022-11-14,21838.24,172036.1
Geo 11,2022-11-21,21806.11,167498.1
Geo 11,2022-11-28,21792.55,169139.14
Geo 11,2022-12-05,21960.64,171773.9
Geo 11,2022-12-12,21989.45,176277.71
Geo 11,2022-12-19,22208.86,179850.68
Geo 11,2022-12-26,22159.4,177902.67
Geo 11,2023-01-02,22700.15,174352.01
Geo 11,2023-01-09,22670.4,173132.93
Geo 11,2023-01-16,23957.62,181357.47
Geo 11,2023-01-23,24029.2,180938.16
Geo 11,2023-01-30,23980.57,180239.83
Geo 11,2023-02-06,24236.5,186218.93
Geo 11,2023-02-13,22322.65,182694.11
Geo 11,2023-02-20,23568.57,184489.08
Geo 11,2023-02-27,23907.59,182171.61
Geo 11,2023-03-06,24008.56,181914.99
Geo 11,2023-03-13,24636.25,185807.63
Geo 11,2023-03-20,26246.31,191476.35
Geo 11,2023-03-27,25074.24,189489.31
Geo 11,2023-04-03,25730.09,190895.01
Geo 11,2023-04-10,24509.55,197964.15
Geo 11,2023-04-17,24535.78,194309.66
Geo 11,2023-04-24,25672.23,193401.83
Geo 11,2023-05-01,22934.0,198422.89
Geo 11,2023-05-08,23933.27,200307.38
Geo 11,2023-05-15,23260.96,195423.84
Geo 11,2023-05-22,22661.11,194099.05
Geo 11,2023-05-29,23020.92,192824.75
Geo 11,2023-06-05,23652.86,195743.58
Geo 11,2023-06-12,22920.96,194755.87
Geo 11,2023-06-19,22841.81,190774.11
Geo 11,2023-06-26,22931.33,186020.5
Geo 11,2023-07-03,22370.24,184831.41
Geo 11,2023-07-10,22070.6,177732.26
Geo 11,2023-07-17,22334.19,180087.04
Geo 11,2023-07-24,21158.8,178981.62
Geo 11,2023-07-31,21573.25,172877.21
Geo 11,2023-08-07,21803.5,168348.66
Geo 11,2023-08-14,20573.14,172034.65
Geo 11,2023-08-21,21939.84,170712.97
Geo 11,2023-08-28,20831.97,163674.46
Geo 11,2023-09-04,20355.56,162692.12
Geo 11,2023-09-11,21031.55,167169.32
Geo 11,2023-09-18,20357.51,164793.5
Geo 11,2023-09-25,21666.29,166524.2
Geo 11,2023-10-02,20809.48,169080.24
Geo 11,2023-10-09,21435.83,172821.93
Geo 11,2023-10-16,20731.31,177134.57
Geo 11,2023-10-23,20820.7,173679.59
Geo 11,2023-10-30,21301.48,176588.43
Geo 11,2023-11-06,22426.61,176611.93
Geo 11,2023-11-13,22722.96,178053.55
Geo 11,2023-11-20,22543.32,178018.83
Geo 11,2023-11-27,22307.79,181253.36
Geo 11,2023-12-04,22704.49,183967.51
Geo 11,2023-12-11,23067.9,183081.24
Geo 11,2023-12-18,24859.51,179966.14
Geo 11,2023-12-25,24548.08,181698.32
Geo 11,2024-01-01,24054.72,182966.68
Geo 11,2024-01-08,24817.81,186954.34
Geo 11,2024-01-15,24411.96,184222.04
Geo 11,2024-01-22,24410.59,189421.6
Geo 11,2024-01-29,25087.58,194493.69
Geo 11,2024-02-05,25717.72,190001.16
Geo 11,2024-02-12,24863.89,184139.34
Geo 11,2024-02-19,26139.83,186034.92
Geo 11,2024-02-26,25566.58,189930.93
Geo 11,2024-03-04,25600.36,195204.85
Geo 11,2024-03-11,26788.02,195059.82
Geo 11,2024-03-18,25673.9,200000.26
Geo 11,2024-03-25,25530.89,199707.07
Geo 12,2022-04-04,22932.93,191101.61
Geo 12,2022-04-11,23452.51,192986.92
Geo 12,2022-04-18,22687.2,190698.73
Geo 12,2022-04-25,23387.65,191269.75
Geo 12,2022-05-02,23069.46,190518.45
Geo 12,2022-05-09,22138.21,188584.43
Geo 12,2022-05-16,22559.39,189254.06
Geo 12,2022-05-23,22715.28,182428.11
Geo 12,2022-05-30,23506.14,184126.21
Geo 12,2022-06-06,21600.07,180956.15
Geo 12,2022-06-13,21326.18,180698.45
Geo 12,2022-06-20,20914.69,180964.47
Geo 12,2022-06-27,21273.95,179085.35
Geo 12,2022-07-04,20373.85,177088.88
Geo 12,2022-07-11,19823.19,171372.79
Geo 12,2022-07-18,19867.21,169824.62
Geo 12,2022-07-25,19510.56,168423.61
Geo 12,2022-08-01,20211.45,164191.58
Geo 12,2022-08-08,20037.6,163033.26
Geo 12,2022-08-15,18811.43,162955.36
Geo 12,2022-08-22,18709.51,163282.54
Geo 12,2022-08-29,19844.17,162831.11
Geo 12,2022-09-05,19137.37,163681.0
Geo 12,2022-09-12,18897.14,167356.49
Geo 12,2022-09-19,18928.39,166174.81
Geo 12,2022-09-26,19850.14,166385.95
Geo 12,2022-10-03,20224.42,164456.84
Geo 12,2022-10-10,21158.71,164186.29
Geo 12,2022-10-17,21400.44,164538.82
Geo 12,2022-10-24,20547.18,163037.31
Geo 12,2022-10-31,20998.44,165950.7
Geo 12,2022-11-07,20617.83,172191.97
Geo 12,2022-11-14,21469.37,172745.4
Geo 12,2022-11-21,23200.52,167461.66
Geo 12,2022-11-28,21789.95,169033.85
Geo 12,2022-12-05,21861.41,174810.11
Geo 12,2022-12-12,22342.92,177257.2
Geo 12,2022-12-19,22860.34,180549.54
Geo 12,2022-12-26,21954.13,176177.76
Geo 12,2023-01-02,21247.65,172597.03
Geo 12,2023-01-09,22208.54,178210.11
Geo 12,2023-01-16,22375.26,179593.11
Geo 12,2023-01-23,24591.31,177158.19
Geo 12,2023-01-30,24169.35,178390.66
Geo 12,2023-02-06,24693.02,182121.55
Geo 12,2023-02-13,23873.2,183093.83
Geo 12,2023-02-20,23122.11,183068.17
Geo 12,2023-02-27,23403.94,189700.89
Geo 12,2023-03-06,23003.67,191429.09
Geo 12,2023-03-13,22274.28,190552.26
Geo 12,2023-03-20,24145.51,186624.24
Geo 12,2023-03-27,24413.64,190477.52
Geo 12,2023-04-03,24740.79,196768.69
Geo 12,2023-04-10,23808.2,193879.72
Geo 12,2023-04-17,24101.31,196602.17
Geo 12,2023-04-24,22750.63,193347.29
Geo 12,2023-05-01,23953.06,194281.53
Geo 12,2023-05-08,24791.43,193492.8
Geo 12,2023-05-15,22468.27,188604.36
Geo 12,2023-05-22,22384.54,196532.62
Geo 12,2023-05-29,22309.41,194142.37
Geo 12,2023-06-05,22249.86,190530.25
Geo 12,2023-06-12,21511.95,182465.76
Geo 12,2023-06-19,23152.86,185216.42
Geo 12,2023-06-26,22775.63,183500.53
Geo 12,2023-07-03,22311.38,184332.15
Geo 12,2023-07-10,21903.47,181363.99
Geo 12,2023-07-17,20506.56,180143.9
Geo 12,2023-07-24,20770.22,176957.43
Geo 12,2023-07-31,21812.3,172868.06
Geo 12,2023-08-07,19585.3,173177.3
Geo 12,2023-08-14,21339.45,171841.4
Geo 12,2023-08-21,20704.95,172990.63
Geo 12,2023-08-28,21281.09,163339.34
Geo 12,2023-09-04,20471.3,168663.25
Geo 12,2023-09-11,22719.79,170309.62
Geo 12,2023-09-18,22696.03,169929.23
Geo 12,2023-09-25,20800.02,165925.08
Geo 12,2023-10-02,21134.2,169579.99
Geo 12,2023-10-09,20859.22,169069.04
Geo 12,2023-10-16,21009.79,171682.31
Geo 12,2023-10-23,21772.84,171986.4
Geo 12,2023-10-30,21592.33,176987.65
Geo 12,2023-11-06,21955.91,176477.78
Geo 12,2023-11-13,21837.06,175370.47
Geo 12,2023-11-20,21399.29,177257.5
Geo 12,2023-11-27,22108.86,174145.65
Geo 12,2023-12-04,23844.6,176798.29
Geo 12,2023-12-11,23897.01,177835.35
Geo 12,2023-12-18,25167.36,177459.77
Geo 12,2023-12-25,23764.33,176220.29
Geo 12,2024-01-01,22848.36,180389.88
Geo 12,2024-01-08,25355.08,181492.57
Geo 12,2024-01-15,24981.44,180629.72
Geo 12,2024-01-22,25098.88,183834.6
Geo 12,2024-01-29,24430.15,190427.5
Geo 12,2024-02-05,17826.71,186735.72
Geo 12,2024-02-12,18798.26,187330.48
Geo 12,2024-02-19,18528.44,188301.24
Geo 12,2024-02-26,18187.44,187815.04
Geo 12,2024-03-04,17798.35,189664.36
Geo 12,2024-03-11,19135.03,193923.22
Geo 12,2024-03-18,18511.75,196547.48
Geo 12,2024-03-25,18334.64,197486.01
Geo 13,2022-04-04,28092.66,212540.16
Geo 13,2022-04-11,26858.41,218406.75
Geo 13,2022-04-18,28621.41,229090.28
Geo 13,2022-04-25,26890.11,226454.8
Geo 13,2022-05-02,28355.53,219667.54
Geo 13,2022-05-09,27349.73,225854.4
Geo 13,2022-05-16,26809.8,228345.54
Geo 13,2022-05-23,25482.95,222244.17
Geo 13,2022-05-30,26088.13,216815.39
Geo 13,2022-06-06,26241.22,210424.52
Geo 13,2022-06-13,25509.16,212750.02
Geo 13,2022-06-20,26176.62,209697.95
Geo 13,2022-06-27,25895.97,209629.99
Geo 13,2022-07-04,23482.91,207633.62
Geo 13,2022-07-11,24616.79,202532.16
Geo 13,2022-07-18,23288.55,204385.68
Geo 13,2022-07-25,22947.3,203388.49
Geo 13,2022-08-01,23974.98,197449.08
Geo 13,2022-08-08,22902.13,201618.05
Geo 13,2022-08-15,23483.06,195010.48
Geo 13,2022-08-22,23589.46,190309.27
Geo 13,2022-08-29,23308.62,187546.05
Geo 13,2022-09-05,23509.55,188169.36
Geo 13,2022-09-12,23226.83,194062.2
Geo 13,2022-09-19,24430.43,199045.29
Geo 13,2022-09-26,24405.42,194093.91
Geo 13,2022-10-03,24290.28,192813.55
Geo 13,2022-10-10,23235.92,190032.78
Geo 13,2022-10-17,23970.59,192609.67
Geo 13,2022-10-24,24432.02,199414.27
Geo 13,2022-10-31,24530.25,200188.68
Geo 13,2022-11-07,24985.36,204735.0
Geo 13,2022-11-14,25611.44,203592.22
Geo 13,2022-11-21,24184.21,199030.89
Geo 13,2022-11-28,24624.18,205419.65
Geo 13,2022-12-05,24574.35,205308.47
Geo 13,2022-12-12,26571.4,205051.49
Geo 13,2022-12-19,25795.86,207086.73
Geo 13,2022-12-26,27419.13,202144.42
Geo 13,2023-01-02,26899.26,204141.78
Geo 13,2023-01-09,25691.75,206172.24
Geo 13,2023-01-16,27163.12,207948.25
Geo 13,2023-01-23,28209.72,205325.38
Geo 13,2023-01-30,29399.88,199956.51
Geo 13,2023-02-06,29464.2,210294.92
Geo 13,2023-02-13,29421.48,211683.46
Geo 13,2023-02-20,29552.05,214995.65
Geo 13,2023-02-27,29254.05,223641.57
Geo 13,2023-03-06,28215.82,222908.9
Geo 13,2023-03-13,27726.58,222994.64
Geo 13,2023-03-20,27996.02,224600.67
Geo 13,2023-03-27,29503.86,224245.74
Geo 13,2023-04-03,29686.7,221356.19
Geo 13,2023-04-10,29211.66,232497.06
Geo 13,2023-04-17,27738.72,234474.1
Geo 13,2023-04-24,28835.98,232868.6
Geo 13,2023-05-01,30054.21,238091.86
Geo 13,2023-05-08,28957.47,233512.8
Geo 13,2023-05-15,26926.65,233692.54
Geo 13,2023-05-22,27186.27,230245.35
Geo 13,2023-05-29,28349.49,226356.11
Geo 13,2023-06-05,28497.75,229944.15
Geo 13,2023-06-12,25589.94,223682.37
Geo 13,2023-06-19,26870.83,217888.08
Geo 13,2023-06-26,27005.02,218990.02
Geo 13,2023-07-03,25183.57,212896.87
Geo 13,2023-07-10,25104.43,210429.59
Geo 13,2023-07-17,25664.79,211027.1
Geo 13,2023-07-24,24212.92,209948.55
Geo 13,2023-07-31,23755.25,207561.82
Geo 13,2023-08-07,25130.13,203097.03
Geo 13,2023-08-14,24697.01,200051.04
Geo 13,2023-08-21,24538.88,200988.14
Geo 13,2023-08-28,24922.16,195810.52
Geo 13,2023-09-04,24328.69,196825.67
Geo 13,2023-09-11,25148.51,201436.64
Geo 13,2023-09-18,24642.81,201659.56
Geo 13,2023-09-25,25314.02,201162.74
Geo 13,2023-10-02,26376.66,203272.05
Geo 13,2023-10-09,25407.51,205054.71
Geo 13,2023-10-16,24796.85,205731.5
Geo 13,2023-10-23,25683.4,201924.91
Geo 13,2023-10-30,24932.49,203467.06
Geo 13,2023-11-06,26044.23,209557.77
Geo 13,2023-11-13,26424.62,214239.46
Geo 13,2023-11-20,27547.17,217799.55
Geo 13,2023-11-27,26499.59,214937.83
Geo 13,2023-12-04,27253.29,213748.25
Geo 13,2023-12-11,26541.58,215324.98
Geo 13,2023-12-18,28493.43,215355.26
Geo 13,2023-12-25,27164.98,217292.13
Geo 13,2024-01-01,26828.02,215809.24
Geo 13,2024-01-08,27729.93,216292.57
Geo 13,2024-01-15,29926.92,215117.44
Geo 13,2024-01-22,28884.49,221417.48
Geo 13,2024-01-29,28967.84,222912.12
Geo 13,2024-02-05,29987.86,223018.67
Geo 13,2024-02-12,27815.67,226979.0
Geo 13,2024-02-19,30259.68,228060.46
Geo 13,2024-02-26,30265.08,233375.65
Geo 13,2024-03-04,29398.18,232850.78
Geo 13,2024-03-11,30150.05,232452.39
Geo 13,2024-03-18,31287.06,231380.05
Geo 13,2024-03-25,29590.59,235285.02
Geo 14,2022-04-04,27102.09,216548.53
Geo 14,2022-04-11,27524.24,223374.31
Geo 14,2022-04-18,28269.93,218538.89
Geo 14,2022-04-25,27547.59,218181.2
Geo 14,2022-05-02,26680.55,221323.61
Geo 14,2022-05-09,26293.66,216906.38
Geo 14,2022-05-16,24744.94,217383.26
Geo 14,2022-05-23,25750.14,216348.02
Geo 14,2022-05-30,25578.29,211393.17
Geo 14,2022-06-06,26435.24,215157.54
Geo 14,2022-06-13,24342.1,215355.31
Geo 14,2022-06-20,25062.77,210735.55
Geo 14,2022-06-27,24119.18,204636.84
Geo 14,2022-07-04,23419.41,201880.75
Geo 14,2022-07-11,24725.07,200794.0
Geo 14,2022-07-18,23794.78,198795.67
Geo 14,2022-07-25,25340.94,199987.98
Geo 14,2022-08-01,25407.83,192803.59
Geo 14,2022-08-08,23823.73,193576.66
Geo 14,2022-08-15,23590.79,193193.57
Geo 14,2022-08-22,23384.98,194659.52
Geo 14,2022-08-29,22498.85,189326.39
Geo 14,2022-09-05,21699.07,191412.91
Geo 14,2022-09-12,22206.62,189723.3
Geo 14,2022-09-19,22819.31,189432.69
Geo 14,2022-09-26,23256.69,186234.07
Geo 14,2022-10-03,24280.92,190439.35
Geo 14,2022-10-10,23743.68,193654.92
Geo 14,2022-10-17,23961.16,190677.1
Geo 14,2022-10-24,23232.07,193198.77
Geo 14,2022-10-31,24233.85,192575.62
Geo 14,2022-11-07,25475.19,189684.07
Geo 14,2022-11-14,24925.78,194922.68
Geo 14,2022-11-21,26081.66,197592.95
Geo 14,2022-11-28,26644.67,202805.34
Geo 14,2022-12-05,25972.89,205070.06
Geo 14,2022-12-12,26589.54,198342.14
Geo 14,2022-12-19,26178.45,208588.44
Geo 14,2022-12-26,26735.5,205745.59
Geo 14,2023-01-02,27430.71,195630.49
Geo 14,2023-01-09,28307.47,196153.75
Geo 14,2023-01-16,27391.07,194550.05
Geo 14,2023-01-23,27551.39,199624.36
Geo 14,2023-01-30,27223.47,202156.81
Geo 14,2023-02-06,27699.55,210281.95
Geo 14,2023-02-13,27760.38,210192.23
Geo 14,2023-02-20,28456.41,215525.09
Geo 14,2023-02-27,29417.17,217082.08
Geo 14,2023-03-06,29332.35,219416.92
Geo 14,2023-03-13,28484.91,218928.05
Geo 14,2023-03-20,28767.75,219411.9
Geo 14,2023-03-27,27852.19,220739.97
Geo 14,2023-04-03,30127.74,221914.57
Geo 14,2023-04-10,30920.0,226667.84
Geo 14,2023-04-17,28145.53,227446.43
Geo 14,2023-04-24,28398.97,231120.77
Geo 14,2023-05-01,28078.0,234465.07
Geo 14,2023-05-08,28646.63,236858.37
Geo 14,2023-05-15,28789.0,228924.19
Geo 14,2023-05-22,26790.95,231606.58
Geo 14,2023-05-29,25754.27,230900.86
Geo 14,2023-06-05,25509.85,228939.48
Geo 14,2023-06-12,26771.87,223736.02
Geo 14,2023-06-19,26894.41,220052.91
Geo 14,2023-06-26,27732.09,214353.76
Geo 14,2023-07-03,26479.43,207591.11
Geo 14,2023-07-10,24543.31,215728.44
Geo 14,2023-07-17,25687.03,204620.25
Geo 14,2023-07-24,25556.17,201752.02
Geo 14,2023-07-31,25375.82,199994.71
Geo 14,2023-08-07,25474.31,199869.54
Geo 14,2023-08-14,26569.6,200012.05
Geo 14,2023-08-21,24463.48,206743.54
Geo 14,2023-08-28,25234.15,196697.82
Geo 14,2023-09-04,25444.19,196472.69
Geo 14,2023-09-11,24573.09,198170.44
Geo 14,2023-09-18,24305.95,199893.83
Geo 14,2023-09-25,25486.13,197109.14
Geo 14,2023-10-02,26475.02,199020.8
Geo 14,2023-10-09,26123.82,201574.54
Geo 14,2023-10-16,25986.84,206368.09
Geo 14,2023-10-23,25279.68,211784.08
Geo 14,2023-10-30,24788.26,210409.39
Geo 14,2023-11-06,24987.76,212792.74
Geo 14,2023-11-13,26759.31,208112.49
Geo 14,2023-11-20,25812.72,206609.01
Geo 14,2023-11-27,25452.03,208117.34
Geo 14,2023-12-04,25682.28,209240.48
Geo 14,2023-12-11,27292.93,213310.29
Geo 14,2023-12-18,27414.21,212504.6
Geo 14,2023-12-25,28742.67,216292.48
Geo 14,2024-01-01,27888.38,215652.41
Geo 14,2024-01-08,29785.73,218567.12
Geo 14,2024-01-15,30355.96,216500.17
Geo 14,2024-01-22,29617.7,223549.81
Geo 14,2024-01-29,31137.12,220464.83
Geo 14,2024-02-05,21811.47,222746.56
Geo 14,2024-02-12,21383.78,223040.2
Geo 14,2024-02-19,20761.82,222170.96
Geo 14,2024-02-26,20828.39,216905.85
Geo 14,2024-03-04,21157.91,218235.73
Geo 14,2024-03-11,20739.71,224232.68
Geo 14,2024-03-18,20924.66,232297.09
Geo 14,2024-03-25,20291.36,232218.34
Geo 15,2022-04-04,31690.24,261446.2
Geo 15,2022-04-11,31379.65,261090.36
Geo 15,2022-04-18,33050.31,265564.81
Geo 15,2022-04-25,31445.71,264845.12
Geo 15,2022-05-02,32673.18,263999.97
Geo 15,2022-05-09,32063.38,266594.42
Geo 15,2022-05-16,30685.78,258105.72
Geo 15,2022-05-23,31505.37,251683.28
Geo 15,2022-05-30,30122.39,254371.1
Geo 15,2022-06-06,30438.37,254617.28
Geo 15,2022-06-13,29016.68,260509.89
Geo 15,2022-06-20,29986.21,255879.35
Geo 15,2022-06-27,28970.66,246334.18
Geo 15,2022-07-04,29060.68,253512.76
Geo 15,2022-07-11,29249.98,245337.13
Geo 15,2022-07-18,29487.17,245898.06
Geo 15,2022-07-25,29072.99,242789.03
Geo 15,2022-08-01,28156.49,238929.71
Geo 15,2022-08-08,29412.33,238988.45
Geo 15,2022-08-15,29341.47,233588.92
Geo 15,2022-08-22,27714.16,233834.56
Geo 15,2022-08-29,28911.23,229222.06
Geo 15,2022-09-05,28687.17,229928.92
Geo 15,2022-09-12,27601.07,234220.83
Geo 15,2022-09-19,27765.58,228308.09
Geo 15,2022-09-26,27986.89,236799.91
Geo 15,2022-10-03,28997.78,237636.69
Geo 15,2022-10-10,28438.79,233943.15
Geo 15,2022-10-17,27606.75,245757.15
Geo 15,2022-10-24,28361.89,240621.53
Geo 15,2022-10-31,29383.62,242922.18
Geo 15,2022-11-07,28654.19,246944.02
Geo 15,2022-11-14,29381.26,241707.25
Geo 15,2022-11-21,30673.88,241194.02
Geo 15,2022-11-28,29807.7,247459.79
Geo 15,2022-12-05,31957.73,251795.62
Geo 15,2022-12-12,32157.08,251685.1
Geo 15,2022-12-19,30576.64,254940.9
Geo 15,2022-12-26,31701.04,253907.3
Geo 15,2023-01-02,31243.88,246648.68
Geo 15,2023-01-09,30806.83,250853.02
Geo 15,2023-01-16,31091.0,253286.68
Geo 15,2023-01-23,32000.48,251961.82
Geo 15,2023-01-30,31824.7,252444.58
Geo 15,2023-02-06,33295.63,253020.07
Geo 15,2023-02-13,34224.12,252828.48
Geo 15,2023-02-20,32893.12,264167.79
Geo 15,2023-02-27,34095.53,269717.46
Geo 15,2023-03-06,34393.22,271553.07
Geo 15,2023-03-13,36016.23,273128.41
Geo 15,2023-03-20,35963.71,269303.51
Geo 15,2023-03-27,35425.32,271917.44
Geo 15,2023-04-03,36815.58,271418.03
Geo 15,2023-04-10,35578.38,275450.06
Geo 15,2023-04-17,33904.9,282449.26
Geo 15,2023-04-24,34169.67,285085.25
Geo 15,2023-05-01,36141.3,285229.06
Geo 15,2023-05-08,31309.92,274712.35
Geo 15,2023-05-15,33239.76,269179.34
Geo 15,2023-05-22,32978.29,270160.5
Geo 15,2023-05-29,33545.5,273817.59
Geo 15,2023-06-05,33001.31,279147.09
Geo 15,2023-06-12,31813.15,279195.12
Geo 15,2023-06-19,32463.96,276221.41
Geo 15,2023-06-26,31311.02,267957.52
Geo 15,2023-07-03,31440.06,261338.72
Geo 15,2023-07-10,30764.24,259436.44
Geo 15,2023-07-17,30161.01,258423.42
Geo 15,2023-07-24,30867.89,253996.63
Geo 15,2023-07-31,28590.27,255158.08
Geo 15,2023-08-07,29332.38,245866.08
Geo 15,2023-08-14,31298.01,245920.57
Geo 15,2023-08-21,28606.53,244466.21
Geo 15,2023-08-28,29122.04,235204.98
Geo 15,2023-09-04,30576.93,239582.82
Geo 15,2023-09-11,30657.09,241469.01
Geo 15,2023-09-18,30071.3,246858.86
Geo 15,2023-09-25,29227.26,249208.39
Geo 15,2023-10-02,29849.17,249180.42
Geo 15,2023-10-09,29478.13,250515.53
Geo 15,2023-10-16,30788.53,248790.03
Geo 15,2023-10-23,31121.69,254110.78
Geo 15,2023-10-30,33087.92,254692.19
Geo 15,2023-11-06,30679.49,250722.34
Geo 15,2023-11-13,31815.78,251615.77
Geo 15,2023-11-20,31898.16,266855.67
Geo 15,2023-11-27,30897.82,259705.87
Geo 15,2023-12-04,32926.81,261095.32
Geo 15,2023-12-11,33574.68,262658.21
Geo 15,2023-12-18,34620.94,261742.36
Geo 15,2023-12-25,34522.3,270408.6
Geo 15,2024-01-01,33408.68,262387.36
Geo 15,2024-01-08,35925.2,264967.74
Geo 15,2024-01-15,36001.35,270884.22
Geo 15,2024-01-22,35909.03,270667.45
Geo 15,2024-01-29,36645.42,271579.23
Geo 15,2024-02-05,34605.59,268426.76
Geo 15,2024-02-12,34518.72,268873.11
Geo 15,2024-02-19,34928.77,269884.89
Geo 15,2024-02-26,35129.6,269702.18
Geo 15,2024-03-04,35136.51,273930.33
Geo 15,2024-03-11,35753.97,282680.36
Geo 15,2024-03-18,35039.44,282297.65
Geo 15,2024-03-25,37569.12,276028.65
Geo 16,2022-04-04,32353.07,263794.26
Geo 16,2022-04-11,31957.04,262150.31
Geo 16,2022-04-18,30036.46,267221.77
Geo 16,2022-04-25,30198.96,265507.5
Geo 16,2022-05-02,31751.29,259668.15
Geo 16,2022-05-09,32923.41,262867.37
Geo 16,2022-05-16,29960.09,274354.07
Geo 16,2022-05-23,30106.17,269045.52
Geo 16,2022-05-30,31372.85,262865.22
Geo 16,2022-06-06,30828.36,259313.67
Geo 16,2022-06-13,29495.54,250789.97
Geo 16,2022-06-20,28155.83,250455.28
Geo 16,2022-06-27,29609.38,242199.4
Geo 16,2022-07-04,28946.63,243068.89
Geo 16,2022-07-11,29896.36,243512.2
Geo 16,2022-07-18,28695.77,240965.12
Geo 16,2022-07-25,27376.24,237917.5
Geo 16,2022-08-01,27928.16,232697.08
Geo 16,2022-08-08,27057.25,232997.24
Geo 16,2022-08-15,25862.27,240564.66
Geo 16,2022-08-22,27118.69,232048.0
Geo 16,2022-08-29,27238.22,231638.41
Geo 16,2022-09-05,29131.33,234770.32
Geo 16,2022-09-12,28057.22,237173.35
Geo 16,2022-09-19,27242.81,235224.07
Geo 16,2022-09-26,26779.25,228573.24
Geo 16,2022-10-03,28305.38,225900.74
Geo 16,2022-10-10,27173.73,228928.13
Geo 16,2022-10-17,28163.91,231569.87
Geo 16,2022-10-24,28740.28,234788.97
Geo 16,2022-10-31,29369.56,242261.29
Geo 16,2022-11-07,30207.02,246657.11
Geo 16,2022-11-14,30097.81,247087.11
Geo 16,2022-11-21,31206.7,246697.49
Geo 16,2022-11-28,32543.6,242133.06
Geo 16,2022-12-05,31203.38,245016.47
Geo 16,2022-12-12,32986.89,248736.48
Geo 16,2022-12-19,32315.91,245130.37
Geo 16,2022-12-26,32419.25,249658.64
Geo 16,2023-01-02,34074.77,250880.74
Geo 16,2023-01-09,31977.91,243411.84
Geo 16,2023-01-16,32287.0,242870.09
Geo 16,2023-01-23,33643.08,239350.23
Geo 16,2023-01-30,32976.6,241706.29
Geo 16,2023-02-06,32011.26,253034.01
Geo 16,2023-02-13,32580.87,253396.81
Geo 16,2023-02-20,33837.19,261209.83
Geo 16,2023-02-27,34067.28,257831.7
Geo 16,2023-03-06,32825.88,264486.17
Geo 16,2023-03-13,35719.29,261158.43
Geo 16,2023-03-20,35473.66,258644.13
Geo 16,2023-03-27,32901.06,267229.95
Geo 16,2023-04-03,34057.96,264710.15
Geo 16,2023-04-10,32528.76,275476.23
Geo 16,2023-04-17,35023.43,279499.42
Geo 16,2023-04-24,33237.64,281051.22
Geo 16,2023-05-01,32419.17,279929.91
Geo 16,2023-05-08,34149.6,277147.73
Geo 16,2023-05-15,32452.78,266799.48
Geo 16,2023-05-22,31194.03,271253.71
Geo 16,2023-05-29,31917.11,269743.77
Geo 16,2023-06-05,31538.64,269344.87
Geo 16,2023-06-12,32427.44,265834.56
Geo 16,2023-06-19,32530.14,261877.22
Geo 16,2023-06-26,33060.41,261516.05
Geo 16,2023-07-03,31305.99,262763.5
Geo 16,2023-07-10,30618.18,259726.66
Geo 16,2023-07-17,29124.41,260045.35
Geo 16,2023-07-24,27386.8,252473.63
Geo 16,2023-07-31,28449.41,241353.62
Geo 16,2023-08-07,29879.93,242992.9
Geo 16,2023-08-14,28987.19,242906.55
Geo 16,2023-08-21,28219.35,244848.28
Geo 16,2023-08-28,28347.61,245364.34
Geo 16,2023-09-04,28446.02,243932.03
Geo 16,2023-09-11,27828.89,240413.12
Geo 16,2023-09-18,28386.88,244775.23
Geo 16,2023-09-25,28809.73,245559.37
Geo 16,2023-10-02,29363.06,242420.4
Geo 16,2023-10-09,29126.23,238722.82
Geo 16,2023-10-16,28924.99,244457.81
Geo 16,2023-10-23,30374.55,243404.26
Geo 16,2023-10-30,28640.58,249182.96
Geo 16,2023-11-06,29290.87,254815.4
Geo 16,2023-11-13,30159.61,251072.06
Geo 16,2023-11-20,31359.57,251870.01
Geo 16,2023-11-27,31467.49,255438.75
Geo 16,2023-12-04,32676.32,250198.02
Geo 16,2023-12-11,32456.38,253381.17
Geo 16,2023-12-18,32724.26,256092.09
Geo 16,2023-12-25,33337.93,257928.89
Geo 16,2024-01-01,32888.79,260633.23
Geo 16,2024-01-08,32135.62,264491.48
Geo 16,2024-01-15,35908.22,260681.93
Geo 16,2024-01-22,35563.85,255707.01
Geo 16,2024-01-29,36268.3,251946.5
Geo 16,2024-02-05,24501.35,262030.5
Geo 16,2024-02-12,25763.08,261435.12
Geo 16,2024-02-19,25336.3,260564.54
Geo 16,2024-02-26,24949.18,266232.02
Geo 16,2024-03-04,25684.95,270320.74
Geo 16,2024-03-11,25361.37,272287.34
Geo 16,2024-03-18,26904.93,273164.4
Geo 16,2024-03-25,25629.82,272731.23
Geo 17,2022-04-04,18631.19,144059.46
Geo 17,2022-04-11,16071.03,137758.09
Geo 17,2022-04-18,16240.72,159293.14
Geo 17,2022-04-25,16301.21,156120.21
Geo 17,2022-05-02,17112.61,149716.88
Geo 17,2022-05-09,17566.44,146686.22
Geo 17,2022-05-16,16997.85,145124.28
Geo 17,2022-05-23,18805.06,158178.35
Geo 17,2022-05-30,18025.67,140957.85
Geo 17,2022-06-06,17376.57,140836.92
Geo 17,2022-06-13,18223.15,145746.24
Geo 17,2022-06-20,17930.62,153871.1
Geo 17,2022-06-27,16475.54,144543.42
Geo 17,2022-07-04,16607.2,157126.99
Geo 17,2022-07-11,17752.4,142553.36
Geo 17,2022-07-18,15984.53,146030.9
Geo 17,2022-07-25,14367.79,148144.61
Geo 17,2022-08-01,15586.21,149414.36
Geo 17,2022-08-08,14532.79,134703.33
Geo 17,2022-08-15,15019.1,150606.16
Geo 17,2022-08-22,15842.73,127241.08
Geo 17,2022-08-29,15652.06,121456.21
Geo 17,2022-09-05,14553.24,128489.99
Geo 17,2022-09-12,15322.83,112513.13
Geo 17,2022-09-19,15241.9,129363.1
Geo 17,2022-09-26,15921.64,133901.57
Geo 17,2022-10-03,16133.38,130937.53
Geo 17,2022-10-10,17920.11,115411.72
Geo 17,2022-10-17,18993.31,150032.66
Geo 17,2022-10-24,16488.79,129831.18
Geo 17,2022-10-31,15451.31,131569.41
Geo 17,2022-11-07,16978.96,158824.7
Geo 17,2022-11-14,16057.91,136225.97
Geo 17,2022-11-21,15549.51,125270.43
Geo 17,2022-11-28,16381.56,122383.34
Geo 17,2022-12-05,16955.4,146110.98
Geo 17,2022-12-12,16253.14,152919.73
Geo 17,2022-12-19,16575.12,150566.66
Geo 17,2022-12-26,16659.85,112214.26
Geo 17,2023-01-02,18982.1,134061.06
Geo 17,2023-01-09,18898.82,130745.77
Geo 17,2023-01-16,16836.09,138764.14
Geo 17,2023-01-23,16905.54,141345.77
Geo 17,2023-01-30,19711.81,150121.07
Geo 17,2023-02-06,17110.74,137652.91
Geo 17,2023-02-13,16159.13,149129.77
Geo 17,2023-02-20,18402.04,136728.1
Geo 17,2023-02-27,19679.01,144494.7
Geo 17,2023-03-06,19870.48,155869.01
Geo 17,2023-03-13,22154.8,153680.26
Geo 17,2023-03-20,19307.36,131365.82
Geo 17,2023-03-27,19873.79,150546.23
Geo 17,2023-04-03,18937.14,159281.15
Geo 17,2023-04-10,19469.63,156554.84
Geo 17,2023-04-17,20277.95,173702.68
Geo 17,2023-04-24,20003.03,174519.0
Geo 17,2023-05-01,18828.94,156790.96
Geo 17,2023-05-08,17997.5,158204.87
Geo 17,2023-05-15,19336.66,145175.1
Geo 17,2023-05-22,17454.67,149582.29
Geo 17,2023-05-29,18128.29,167583.23
Geo 17,2023-06-05,19549.41,159019.82
Geo 17,2023-06-12,17915.1,170414.56
Geo 17,2023-06-19,15953.21,166910.34
Geo 17,2023-06-26,16504.35,154083.78
Geo 17,2023-07-03,17812.24,143084.82
Geo 17,2023-07-10,16753.55,160889.93
Geo 17,2023-07-17,16536.63,162044.48
Geo 17,2023-07-24,15900.38,144059.13
Geo 17,2023-07-31,15700.53,138893.5
Geo 17,2023-08-07,17362.71,123448.4
Geo 17,2023-08-14,15296.99,122291.94
Geo 17,2023-08-21,15690.2,121274.02
Geo 17,2023-08-28,14984.03,130271.03
Geo 17,2023-09-04,15486.2,123285.12
Geo 17,2023-09-11,15418.67,137359.16
Geo 17,2023-09-18,16292.3,130085.26
Geo 17,2023-09-25,15667.73,115576.9
Geo 17,2023-10-02,16782.9,115959.24
Geo 17,2023-10-09,17924.23,121660.13
Geo 17,2023-10-16,17311.82,146441.66
Geo 17,2023-10-23,17586.04,128207.03
Geo 17,2023-10-30,18832.06,134324.3
Geo 17,2023-11-06,17438.28,133263.61
Geo 17,2023-11-13,16872.3,147211.57
Geo 17,2023-11-20,18365.03,138837.79
Geo 17,2023-11-27,19418.15,132711.16
Geo 17,2023-12-04,17965.57,143385.86
Geo 17,2023-12-11,16848.19,131332.27
Geo 17,2023-12-18,19340.91,142023.19
Geo 17,2023-12-25,17348.94,135128.99
Geo 17,2024-01-01,17983.61,142945.97
Geo 17,2024-01-08,16828.28,140567.17
Geo 17,2024-01-15,18122.18,141875.3
Geo 17,2024-01-22,19443.65,137751.37
Geo 17,2024-01-29,20322.93,140487.19
Geo 17,2024-02-05,19773.44,149081.96
Geo 17,2024-02-12,20620.05,139476.11
Geo 17,2024-02-19,19396.08,133987.7
Geo 17,2024-02-26,19201.98,142460.5
Geo 17,2024-03-04,19030.06,142802.38
Geo 17,2024-03-11,18799.96,155772.18
Geo 17,2024-03-18,18972.04,133466.88
Geo 17,2024-03-25,19688.02,152807.59
Geo 18,2022-04-04,11932.9,97172.46
Geo 18,2022-04-11,10397.82,93864.71
Geo 18,2022-04-18,11232.4,84555.19
Geo 18,2022-04-25,11516.43,96667.27
Geo 18,2022-05-02,10387.54,94432.75
Geo 18,2022-05-09,11175.47,98749.32
Geo 18,2022-05-16,10361.22,102538.75
Geo 18,2022-05-23,10238.62,96372.83
Geo 18,2022-05-30,10539.69,88970.52
Geo 18,2022-06-06,11613.19,98003.95
Geo 18,2022-06-13,9646.63,98234.0
Geo 18,2022-06-20,10600.75,101653.2
Geo 18,2022-06-27,9302.59,103645.88
Geo 18,2022-07-04,9471.75,111157.62
Geo 18,2022-07-11,10085.69,104461.07
Geo 18,2022-07-18,9849.04,87273.78
Geo 18,2022-07-25,10058.04,91508.51
Geo 18,2022-08-01,10102.03,94826.43
Geo 18,2022-08-08,9241.57,94410.38
Geo 18,2022-08-15,9835.38,89696.28
Geo 18,2022-08-22,10537.45,89744.08
Geo 18,2022-08-29,8948.0,81488.5
Geo 18,2022-09-05,9906.0,82633.44
Geo 18,2022-09-12,8553.14,90499.18
Geo 18,2022-09-19,9427.66,85732.97
Geo 18,2022-09-26,9233.96,86599.89
Geo 18,2022-10-03,9221.98,81828.84
Geo 18,2022-10-10,10205.91,79800.49
Geo 18,2022-10-17,9496.72,77634.66
Geo 18,2022-10-24,9645.08,82689.69
Geo 18,2022-10-31,8861.47,88295.09
Geo 18,2022-11-07,9788.7,80680.5
Geo 18,2022-11-14,9724.61,81705.98
Geo 18,2022-11-21,10332.55,69353.81
Geo 18,2022-11-28,10584.3,76889.18
Geo 18,2022-12-05,10706.25,85603.82
Geo 18,2022-12-12,11165.37,85586.93
Geo 18,2022-12-19,11586.11,85933.37
Geo 18,2022-12-26,11232.5,95768.49
Geo 18,2023-01-02,11664.27,90071.34
Geo 18,2023-01-09,11285.89,86463.82
Geo 18,2023-01-16,12697.73,91808.32
Geo 18,2023-01-23,11438.24,93104.26
Geo 18,2023-01-30,10657.62,86982.85
Geo 18,2023-02-06,9689.6,95031.3
Geo 18,2023-02-13,10943.61,86467.03
Geo 18,2023-02-20,11399.86,92557.46
Geo 18,2023-02-27,12673.06,100558.28
Geo 18,2023-03-06,12115.79,96389.08
Geo 18,2023-03-13,12596.68,108276.21
Geo 18,2023-03-20,12154.47,107485.73
Geo 18,2023-03-27,12124.45,103766.97
Geo 18,2023-04-03,12113.15,112112.7
Geo 18,2023-04-10,12231.05,99927.26
Geo 18,2023-04-17,12730.38,117509.76
Geo 18,2023-04-24,11004.8,107224.07
Geo 18,2023-05-01,10854.67,101038.31
Geo 18,2023-05-08,12715.78,102686.53
Geo 18,2023-05-15,11608.18,92568.56
Geo 18,2023-05-22,11172.31,102191.47
Geo 18,2023-05-29,10866.99,94984.17
Geo 18,2023-06-05,12106.63,92432.2
Geo 18,2023-06-12,9905.3,85723.01
Geo 18,2023-06-19,11471.08,84442.9
Geo 18,2023-06-26,9805.24,80951.89
Geo 18,2023-07-03,11568.78,88332.86
Geo 18,2023-07-10,10595.0,85765.79
Geo 18,2023-07-17,10853.13,89259.85
Geo 18,2023-07-24,10380.17,80917.75
Geo 18,2023-07-31,10738.13,85068.67
Geo 18,2023-08-07,10700.92,90430.14
Geo 18,2023-08-14,10704.2,104264.77
Geo 18,2023-08-21,10855.4,85534.05
Geo 18,2023-08-28,10590.2,78799.8
Geo 18,2023-09-04,11067.34,85452.88
Geo 18,2023-09-11,10887.34,88122.51
Geo 18,2023-09-18,9724.52,86549.05
Geo 18,2023-09-25,9568.6,91719.78
Geo 18,2023-10-02,11283.61,82752.26
Geo 18,2023-10-09,9674.63,88609.06
Geo 18,2023-10-16,10437.99,88784.06
Geo 18,2023-10-23,10557.51,91045.12
Geo 18,2023-10-30,9603.33,101429.65
Geo 18,2023-11-06,9697.37,83951.17
Geo 18,2023-11-13,10325.49,80091.57
Geo 18,2023-11-20,10754.19,86733.37
Geo 18,2023-11-27,11280.88,96753.01
Geo 18,2023-12-04,11189.05,97991.62
Geo 18,2023-12-11,10990.45,95141.88
Geo 18,2023-12-18,11036.71,93511.9
Geo 18,2023-12-25,11460.87,89132.01
Geo 18,2024-01-01,12734.76,89156.49
Geo 18,2024-01-08,11165.4,95090.74
Geo 18,2024-01-15,11910.78,93302.61
Geo 18,2024-01-22,11911.78,95048.76
Geo 18,2024-01-29,11867.42,103689.64
Geo 18,2024-02-05,11992.08,98359.06
Geo 18,2024-02-12,13614.04,106166.66
Geo 18,2024-02-19,11828.55,100134.45
Geo 18,2024-02-26,12878.62,99528.84
Geo 18,2024-03-04,14472.76,103968.93
Geo 18,2024-03-11,12926.86,90642.45
Geo 18,2024-03-18,12527.34,89565.55
Geo 18,2024-03-25,12706.13,93960.68
Geo 19,2022-04-04,27065.29,209640.23
Geo 19,2022-04-11,25100.28,194688.05
Geo 19,2022-04-18,22800.29,201751.61
Geo 19,2022-04-25,22229.35,198578.44
Geo 19,2022-05-02,25005.72,197967.4
Geo 19,2022-05-09,25880.8,193300.34
Geo 19,2022-05-16,24878.79,201831.7
Geo 19,2022-05-23,23140.78,223182.42
Geo 19,2022-05-30,27147.74,245637.06
Geo 19,2022-06-06,25468.0,239321.39
Geo 19,2022-06-13,22993.06,199587.36
Geo 19,2022-06-20,24703.04,197326.02
Geo 19,2022-06-27,23565.94,190141.71
Geo 19,2022-07-04,25554.36,187168.59
Geo 19,2022-07-11,25396.74,195969.84
Geo 19,2022-07-18,23717.11,212350.41
Geo 19,2022-07-25,22140.66,178583.96
Geo 19,2022-08-01,23499.77,184379.96
Geo 19,2022-08-08,24833.69,168028.82
Geo 19,2022-08-15,25901.43,176151.33
Geo 19,2022-08-22,23514.76,214746.81
Geo 19,2022-08-29,21629.8,177866.12
Geo 19,2022-09-05,23326.64,166586.03
Geo 19,2022-09-12,23326.68,202618.95
Geo 19,2022-09-19,24194.22,186868.12
Geo 19,2022-09-26,21980.76,196026.98
Geo 19,2022-10-03,22660.19,188125.72
Geo 19,2022-10-10,23257.19,178222.11
Geo 19,2022-10-17,23690.05,202672.69
Geo 19,2022-10-24,26027.52,189308.36
Geo 19,2022-10-31,23231.23,174140.89
Geo 19,2022-11-07,22911.9,211444.37
Geo 19,2022-11-14,25083.68,187865.77
Geo 19,2022-11-21,22819.34,191965.02
Geo 19,2022-11-28,23236.74,187867.78
Geo 19,2022-12-05,23319.45,184996.52
Geo 19,2022-12-12,25603.4,215732.27
Geo 19,2022-12-19,22366.21,203405.76
Geo 19,2022-12-26,25722.09,191696.61
Geo 19,2023-01-02,25853.74,204423.42
Geo 19,2023-01-09,27020.68,205090.46
Geo 19,2023-01-16,27924.2,213013.86
Geo 19,2023-01-23,26430.93,217591.46
Geo 19,2023-01-30,26973.82,205950.62
Geo 19,2023-02-06,25443.81,204912.62
Geo 19,2023-02-13,26009.13,190008.06
Geo 19,2023-02-20,25542.64,198677.6
Geo 19,2023-02-27,23064.14,217850.27
Geo 19,2023-03-06,24417.57,210004.78
Geo 19,2023-03-13,26718.78,201767.1
Geo 19,2023-03-20,27475.53,212284.42
Geo 19,2023-03-27,28564.09,211003.63
Geo 19,2023-04-03,30158.29,218211.38
Geo 19,2023-04-10,27813.64,241031.59
Geo 19,2023-04-17,28060.79,234342.4
Geo 19,2023-04-24,25280.71,227043.07
Geo 19,2023-05-01,25860.04,227733.35
Geo 19,2023-05-08,26763.3,268366.84
Geo 19,2023-05-15,23433.85,262341.48
Geo 19,2023-05-22,22459.62,268063.63
Geo 19,2023-05-29,26385.32,260964.34
Geo 19,2023-06-05,27242.03,251423.36
Geo 19,2023-06-12,25066.71,234499.54
Geo 19,2023-06-19,25237.6,230231.5
Geo 19,2023-06-26,25753.91,209312.78
Geo 19,2023-07-03,25962.1,218415.57
Geo 19,2023-07-10,27931.3,208250.99
Geo 19,2023-07-17,24983.64,197006.01
Geo 19,2023-07-24,23942.03,202485.54
Geo 19,2023-07-31,24598.94,205920.46
Geo 19,2023-08-07,26508.58,188876.03
Geo 19,2023-08-14,23752.47,210731.01
Geo 19,2023-08-21,26493.36,171033.77
Geo 19,2023-08-28,23546.55,180535.46
Geo 19,2023-09-04,22357.04,197068.3
Geo 19,2023-09-11,21746.66,203924.4
Geo 19,2023-09-18,21758.88,201495.39
Geo 19,2023-09-25,21426.04,221392.44
Geo 19,2023-10-02,22407.26,227116.44
Geo 19,2023-10-09,26717.38,198691.94
Geo 19,2023-10-16,26792.41,203464.96
Geo 19,2023-10-23,24564.42,213956.88
Geo 19,2023-10-30,23816.46,221106.8
Geo 19,2023-11-06,23671.2,237681.02
Geo 19,2023-11-13,27333.69,236607.99
Geo 19,2023-11-20,26693.72,228147.84
Geo 19,2023-11-27,28320.61,234415.54
Geo 19,2023-12-04,27800.32,222319.9
Geo 19,2023-12-11,25049.77,213437.74
Geo 19,2023-12-18,24486.04,240533.76
Geo 19,2023-12-25,27181.74,213914.44
Geo 19,2024-01-01,26906.87,207149.17
Geo 19,2024-01-08,28934.74,212984.56
Geo 19,2024-01-15,26428.96,215532.79
Geo 19,2024-01-22,26293.97,226594.04
Geo 19,2024-01-29,28406.15,233616.99
Geo 19,2024-02-05,29517.4,217486.13
Geo 19,2024-02-12,28863.97,209989.64
Geo 19,2024-02-19,28473.68,233645.23
Geo 19,2024-02-26,29221.42,228131.99
Geo 19,2024-03-04,25593.19,234217.16
Geo 19,2024-03-11,29011.95,234165.08
Geo 19,2024-03-18,27498.62,210755.35
Geo 19,2024-03-25,27589.31,236162.81
Geo 20,2022-04-04,20421.15,173685.5
Geo 20,2022-04-11,18753.36,174306.58
Geo 20,2022-04-18,19586.74,172960.06
Geo 20,2022-04-25,19907.69,173719.62
Geo 20,2022-05-02,19012.38,164490.31
Geo 20,2022-05-09,18396.74,166655.72
Geo 20,2022-05-16,19675.58,179657.81
Geo 20,2022-05-23,20829.07,162009.28
Geo 20,2022-05-30,18947.32,160220.1
Geo 20,2022-06-06,18229.44,160176.28
Geo 20,2022-06-13,17659.91,154945.57
Geo 20,2022-06-20,18842.68,165678.04
Geo 20,2022-06-27,20329.69,153047.27
Geo 20,2022-07-04,19218.09,162742.63
Geo 20,2022-07-11,17116.53,161225.2
Geo 20,2022-07-18,20070.3,185506.66
Geo 20,2022-07-25,19137.34,162358.34
Geo 20,2022-08-01,18999.96,181209.5
Geo 20,2022-08-08,19110.86,181639.89
Geo 20,2022-08-15,17997.97,156861.0
Geo 20,2022-08-22,17692.41,148917.68
Geo 20,2022-08-29,18512.97,136543.54
Geo 20,2022-09-05,19281.62,152561.45
Geo 20,2022-09-12,17832.27,132927.23
Geo 20,2022-09-19,18331.33,123842.01
Geo 20,2022-09-26,18181.27,140195.83
Geo 20,2022-10-03,15494.32,149452.82
Geo 20,2022-10-10,17765.95,165069.37
Geo 20,2022-10-17,17940.75,146783.71
Geo 20,2022-10-24,19401.2,149881.44
Geo 20,2022-10-31,19163.17,142801.09
Geo 20,2022-11-07,20102.28,152876.9
Geo 20,2022-11-14,21438.32,159042.09
Geo 20,2022-11-21,20069.89,130961.72
Geo 20,2022-11-28,19858.88,134318.34
Geo 20,2022-12-05,19700.54,151322.5
Geo 20,2022-12-12,19163.1,151030.28
Geo 20,2022-12-19,19807.79,152222.34
Geo 20,2022-12-26,20812.99,157492.49
Geo 20,2023-01-02,18049.84,164159.97
Geo 20,2023-01-09,23746.6,179706.21
Geo 20,2023-01-16,21769.26,157491.61
Geo 20,2023-01-23,21708.33,160888.94
Geo 20,2023-01-30,21308.6,140421.36
Geo 20,2023-02-06,21696.58,153505.85
Geo 20,2023-02-13,19941.48,157662.62
Geo 20,2023-02-20,25048.38,146235.11
Geo 20,2023-02-27,23146.26,142743.23
Geo 20,2023-03-06,20404.68,149164.0
Geo 20,2023-03-13,22431.87,152155.19
Geo 20,2023-03-20,22681.72,166136.68
Geo 20,2023-03-27,23079.79,169901.92
Geo 20,2023-04-03,22264.35,186282.16
Geo 20,2023-04-10,22072.89,194289.61
Geo 20,2023-04-17,21913.66,164646.85
Geo 20,2023-04-24,23687.53,180533.7
Geo 20,2023-05-01,22741.49,190855.29
Geo 20,2023-05-08,22987.8,202182.2
Geo 20,2023-05-15,23533.15,197021.2
Geo 20,2023-05-22,22563.11,182005.21
Geo 20,2023-05-29,22204.76,189205.12
Geo 20,2023-06-05,21849.73,187876.55
Geo 20,2023-06-12,20949.63,182956.81
Geo 20,2023-06-19,19544.64,130012.46
Geo 20,2023-06-26,20397.28,153770.18
Geo 20,2023-07-03,21498.2,149446.4
Geo 20,2023-07-10,21173.42,161751.26
Geo 20,2023-07-17,20552.9,146908.88
Geo 20,2023-07-24,19634.91,162232.29
Geo 20,2023-07-31,19658.78,162268.16
Geo 20,2023-08-07,19862.5,182391.55
Geo 20,2023-08-14,20893.21,173330.99
Geo 20,2023-08-21,18789.92,168464.14
Geo 20,2023-08-28,16997.49,159032.53
Geo 20,2023-09-04,17276.4,166482.33
Geo 20,2023-09-11,18778.72,158775.95
Geo 20,2023-09-18,19234.4,182197.62
Geo 20,2023-09-25,18730.73,157319.85
Geo 20,2023-10-02,17413.29,158578.36
Geo 20,2023-10-09,20465.26,168021.77
Geo 20,2023-10-16,19719.41,153598.77
Geo 20,2023-10-23,19301.47,168658.52
Geo 20,2023-10-30,18711.66,171429.56
Geo 20,2023-11-06,20745.32,153364.58
Geo 20,2023-11-13,21095.95,161973.77
Geo 20,2023-11-20,19817.58,141139.13
Geo 20,2023-11-27,20399.96,142120.01
Geo 20,2023-12-04,20516.62,163945.45
Geo 20,2023-12-11,22330.91,171435.01
Geo 20,2023-12-18,21995.38,183362.1
Geo 20,2023-12-25,23107.9,162296.12
Geo 20,2024-01-01,23769.82,182612.72
Geo 20,2024-01-08,21740.56,196789.98
Geo 20,2024-01-15,23450.44,178165.07
Geo 20,2024-01-22,25523.21,177211.11
Geo 20,2024-01-29,25197.49,177250.18
Geo 20,2024-02-05,22738.1,165414.9
Geo 20,2024-02-12,22049.5,174374.92
Geo 20,2024-02-19,23498.2,182314.96
Geo 20,2024-02-26,23231.83,175018.8
Geo 20,2024-03-04,22393.68,179733.79
Geo 20,2024-03-11,22925.74,165066.35
Geo 20,2024-03-18,23631.08,188571.29
Geo 20,2024-03-25,22003.91,178549.63
Geo 21,2022-04-04,10080.8,84806.76
Geo 21,2022-04-11,10375.06,86794.16
Geo 21,2022-04-18,10854.6,82126.09
Geo 21,2022-04-25,10806.26,77971.5
Geo 21,2022-05-02,8980.36,87845.37
Geo 21,2022-05-09,9135.88,90246.48
Geo 21,2022-05-16,9028.03,91141.54
Geo 21,2022-05-23,9991.02,89506.36
Geo 21,2022-05-30,10057.6,84844.57
Geo 21,2022-06-06,10273.93,90260.39
Geo 21,2022-06-13,10510.16,82597.2
Geo 21,2022-06-20,9068.49,79191.7
Geo 21,2022-06-27,9818.08,78845.04
Geo 21,2022-07-04,10093.09,72965.68
Geo 21,2022-07-11,8982.09,85442.12
Geo 21,2022-07-18,9717.17,75322.05
Geo 21,2022-07-25,10076.07,72961.44
Geo 21,2022-08-01,8506.1,71049.39
Geo 21,2022-08-08,9352.27,72287.02
Geo 21,2022-08-15,8549.76,71019.43
Geo 21,2022-08-22,7393.69,77791.31
Geo 21,2022-08-29,8702.19,61957.33
Geo 21,2022-09-05,8723.91,71444.87
Geo 21,2022-09-12,8609.96,68057.02
Geo 21,2022-09-19,8380.25,63621.69
Geo 21,2022-09-26,8896.71,69335.77
Geo 21,2022-10-03,7366.61,75521.4
Geo 21,2022-10-10,8155.47,73764.56
Geo 21,2022-10-17,8375.01,70436.49
Geo 21,2022-10-24,8684.37,68874.42
Geo 21,2022-10-31,8322.99,75378.68
Geo 21,2022-11-07,9484.7,67099.03
Geo 21,2022-11-14,8522.17,70483.98
Geo 21,2022-11-21,9335.45,78690.5
Geo 21,2022-11-28,9354.24,86053.4
Geo 21,2022-12-05,10022.19,80149.23
Geo 21,2022-12-12,10084.94,84827.04
Geo 21,2022-12-19,10323.47,89062.41
Geo 21,2022-12-26,10139.39,85187.05
Geo 21,2023-01-02,9962.54,82426.05
Geo 21,2023-01-09,10232.31,79017.8
Geo 21,2023-01-16,10346.99,81721.34
Geo 21,2023-01-23,10594.93,84895.69
Geo 21,2023-01-30,10705.86,83905.39
Geo 21,2023-02-06,12512.31,80194.72
Geo 21,2023-02-13,10707.32,80571.13
Geo 21,2023-02-20,10713.57,70584.91
Geo 21,2023-02-27,10229.25,77889.53
Geo 21,2023-03-06,9599.89,81588.75
Geo 21,2023-03-13,11080.52,82482.2
Geo 21,2023-03-20,11426.88,77961.69
Geo 21,2023-03-27,11380.74,87373.2
Geo 21,2023-04-03,9715.61,75195.4
Geo 21,2023-04-10,10728.92,83527.11
Geo 21,2023-04-17,11449.42,86346.12
Geo 21,2023-04-24,10306.08,91050.94
Geo 21,2023-05-01,11664.46,94832.34
Geo 21,2023-05-08,10907.54,84564.47
Geo 21,2023-05-15,10813.84,84847.24
Geo 21,2023-05-22,10171.13,87793.23
Geo 21,2023-05-29,9099.01,89102.64
Geo 21,2023-06-05,8905.95,84827.91
Geo 21,2023-06-12,9329.6,77652.78
Geo 21,2023-06-19,9225.11,76934.65
Geo 21,2023-06-26,10227.53,72726.69
Geo 21,2023-07-03,9603.35,74834.66
Geo 21,2023-07-10,10179.44,73223.72
Geo 21,2023-07-17,10205.88,80977.26
Geo 21,2023-07-24,9629.08,79665.13
Geo 21,2023-07-31,10568.39,72952.71
Geo 21,2023-08-07,9326.83,73124.96
Geo 21,2023-08-14,9023.55,68728.05
Geo 21,2023-08-21,9038.23,75937.57
Geo 21,2023-08-28,9208.98,71130.12
Geo 21,2023-09-04,8740.55,73795.41
Geo 21,2023-09-11,8516.8,75315.59
Geo 21,2023-09-18,9655.55,71727.11
Geo 21,2023-09-25,9072.44,72152.92
Geo 21,2023-10-02,9527.65,81675.62
Geo 21,2023-10-09,8922.12,79400.29
Geo 21,2023-10-16,8197.54,76115.17
Geo 21,2023-10-23,9300.84,80861.36
Geo 21,2023-10-30,9314.26,72796.71
Geo 21,2023-11-06,10220.11,71307.83
Geo 21,2023-11-13,9622.75,73958.57
Geo 21,2023-11-20,10611.99,81007.78
Geo 21,2023-11-27,10879.89,91841.36
Geo 21,2023-12-04,11320.91,84799.17
Geo 21,2023-12-11,11326.22,91350.8
Geo 21,2023-12-18,10333.83,92744.79
Geo 21,2023-12-25,10160.91,88619.78
Geo 21,2024-01-01,10368.27,81563.46
Geo 21,2024-01-08,10636.19,86803.32
Geo 21,2024-01-15,10801.78,67233.02
Geo 21,2024-01-22,11289.37,79682.85
Geo 21,2024-01-29,10762.61,76443.78
Geo 21,2024-02-05,11365.7,79410.12
Geo 21,2024-02-12,11056.35,76682.43
Geo 21,2024-02-19,10682.16,79095.65
Geo 21,2024-02-26,10751.33,78550.67
Geo 21,2024-03-04,11872.76,78277.21
Geo 21,2024-03-11,11072.57,81034.71
Geo 21,2024-03-18,11089.42,78861.32
Geo 21,2024-03-25,10788.24,79842.19
Geo 22,2022-04-04,14061.76,107161.62
Geo 22,2022-04-11,15033.05,111109.63
Geo 22,2022-04-18,16655.57,103957.08
Geo 22,2022-04-25,15090.49,116902.56
Geo 22,2022-05-02,13355.12,124958.99
Geo 22,2022-05-09,14029.75,125071.14
Geo 22,2022-05-16,14694.96,111022.91
Geo 22,2022-05-23,13631.16,114261.38
Geo 22,2022-05-30,13487.67,115049.78
Geo 22,2022-06-06,14464.81,102181.53
Geo 22,2022-06-13,13774.84,107854.05
Geo 22,2022-06-20,11914.05,106147.56
Geo 22,2022-06-27,11932.64,102340.47
Geo 22,2022-07-04,11834.08,106230.51
Geo 22,2022-07-11,12996.43,91138.06
Geo 22,2022-07-18,13632.44,96992.22
Geo 22,2022-07-25,11849.54,82807.77
Geo 22,2022-08-01,11796.64,90657.47
Geo 22,2022-08-08,12072.25,88238.3
Geo 22,2022-08-15,10909.88,90183.94
Geo 22,2022-08-22,11372.66,100758.31
Geo 22,2022-08-29,11335.91,103494.07
Geo 22,2022-09-05,11117.96,104140.02
Geo 22,2022-09-12,12578.31,115887.58
Geo 22,2022-09-19,11791.71,103454.32
Geo 22,2022-09-26,11474.44,98026.99
Geo 22,2022-10-03,11864.45,78645.87
Geo 22,2022-10-10,12604.39,84935.42
Geo 22,2022-10-17,12700.05,91298.57
Geo 22,2022-10-24,12205.61,90679.45
Geo 22,2022-10-31,12860.95,83169.65
Geo 22,2022-11-07,13037.36,88555.85
Geo 22,2022-11-14,12200.5,98973.65
Geo 22,2022-11-21,13287.77,97727.97
Geo 22,2022-11-28,13643.72,108621.72
Geo 22,2022-12-05,12473.41,108005.94
Geo 22,2022-12-12,13353.45,102545.11
Geo 22,2022-12-19,13901.64,101651.22
Geo 22,2022-12-26,11741.47,103595.66
Geo 22,2023-01-02,13682.86,103983.48
Geo 22,2023-01-09,13325.23,106912.45
Geo 22,2023-01-16,11965.04,104624.19
Geo 22,2023-01-23,13340.98,121208.84
Geo 22,2023-01-30,13840.54,114856.45
Geo 22,2023-02-06,15279.0,113683.99
Geo 22,2023-02-13,16499.61,106904.3
Geo 22,2023-02-20,14106.03,100138.19
Geo 22,2023-02-27,14304.52,114464.25
Geo 22,2023-03-06,14490.56,85542.04
Geo 22,2023-03-13,14418.97,99632.3
Geo 22,2023-03-20,12672.0,104020.92
Geo 22,2023-03-27,12152.42,102544.52
Geo 22,2023-04-03,12524.54,105505.14
Geo 22,2023-04-10,13612.23,109056.2
Geo 22,2023-04-17,14376.43,123710.02
Geo 22,2023-04-24,14870.3,127594.05
Geo 22,2023-05-01,16645.93,120603.37
Geo 22,2023-05-08,14953.69,113514.48
Geo 22,2023-05-15,14907.52,114841.11
Geo 22,2023-05-22,14637.18,114545.81
Geo 22,2023-05-29,13818.34,111690.05
Geo 22,2023-06-05,14143.72,104656.88
Geo 22,2023-06-12,13331.41,110926.21
Geo 22,2023-06-19,12049.06,111604.18
Geo 22,2023-06-26,13023.56,104536.65
Geo 22,2023-07-03,13694.17,107420.71
Geo 22,2023-07-10,13413.11,107743.56
Geo 22,2023-07-17,13741.01,118343.56
Geo 22,2023-07-24,14087.94,109293.05
Geo 22,2023-07-31,12971.87,110044.66
Geo 22,2023-08-07,12755.05,100097.86
Geo 22,2023-08-14,11467.87,105204.82
Geo 22,2023-08-21,12795.31,105364.52
Geo 22,2023-08-28,12861.36,102720.4
Geo 22,2023-09-04,13183.09,108238.52
Geo 22,2023-09-11,13246.92,97179.52
Geo 22,2023-09-18,13136.36,96233.49
Geo 22,2023-09-25,13772.74,85885.23
Geo 22,2023-10-02,12804.92,94980.82
Geo 22,2023-10-09,14996.55,104207.68
Geo 22,2023-10-16,14825.45,93557.5
Geo 22,2023-10-23,14644.73,99500.47
Geo 22,2023-10-30,12515.85,99889.15
Geo 22,2023-11-06,11879.18,118378.3
Geo 22,2023-11-13,11962.62,106856.86
Geo 22,2023-11-20,13692.0,106023.52
Geo 22,2023-11-27,14641.27,94357.86
Geo 22,2023-12-04,14722.24,107664.1
Geo 22,2023-12-11,16065.13,98326.13
Geo 22,2023-12-18,16158.45,90431.16
Geo 22,2023-12-25,15316.53,96815.8
Geo 22,2024-01-01,14176.39,98193.05
Geo 22,2024-01-08,16241.34,103077.08
Geo 22,2024-01-15,16809.27,105652.66
Geo 22,2024-01-22,15395.96,113680.73
Geo 22,2024-01-29,15468.3,105715.74
Geo 22,2024-02-05,15811.55,99005.64
Geo 22,2024-02-12,14445.88,99461.73
Geo 22,2024-02-19,14997.57,87390.54
Geo 22,2024-02-26,16481.46,91830.18
Geo 22,2024-03-04,15955.32,110613.39
Geo 22,2024-03-11,15697.38,110540.94
Geo 22,2024-03-18,16085.94,119823.48
Geo 22,2024-03-25,14390.01,124969.2
Geo 23,2022-04-04,9682.61,74987.2
Geo 23,2022-04-11,9329.01,72346.32
Geo 23,2022-04-18,9037.57,72331.59
Geo 23,2022-04-25,8019.95,72972.77
Geo 23,2022-05-02,8518.32,65244.97
Geo 23,2022-05-09,8223.58,77995.26
Geo 23,2022-05-16,8837.16,76315.7
Geo 23,2022-05-23,9296.86,71837.71
Geo 23,2022-05-30,8400.06,72464.09
Geo 23,2022-06-06,8177.99,78812.78
Geo 23,2022-06-13,8760.14,74282.74
Geo 23,2022-06-20,8501.24,71899.49
Geo 23,2022-06-27,8133.94,75730.23
Geo 23,2022-07-04,8069.81,68670.62
Geo 23,2022-07-11,8165.72,63146.28
Geo 23,2022-07-18,8110.91,67423.4
Geo 23,2022-07-25,9544.56,66407.2
Geo 23,2022-08-01,8173.67,64197.61
Geo 23,2022-08-08,7937.93,68919.77
Geo 23,2022-08-15,7862.22,67211.9
Geo 23,2022-08-22,7133.41,66380.69
Geo 23,2022-08-29,7177.49,61249.53
Geo 23,2022-09-05,6780.15,57353.11
Geo 23,2022-09-12,8034.25,62740.97
Geo 23,2022-09-19,7211.78,54333.34
Geo 23,2022-09-26,6786.86,57512.62
Geo 23,2022-10-03,8144.3,67663.88
Geo 23,2022-10-10,7202.03,62289.59
Geo 23,2022-10-17,8432.53,67024.23
Geo 23,2022-10-24,8825.24,62898.49
Geo 23,2022-10-31,8459.4,68097.29
Geo 23,2022-11-07,8117.01,71092.12
Geo 23,2022-11-14,8364.56,77485.47
Geo 23,2022-11-21,8830.46,69613.03
Geo 23,2022-11-28,8189.42,68803.61
Geo 23,2022-12-05,8332.0,77376.41
Geo 23,2022-12-12,9564.76,74692.95
Geo 23,2022-12-19,9280.68,68920.56
Geo 23,2022-12-26,8254.09,66164.59
Geo 23,2023-01-02,9235.34,69381.91
Geo 23,2023-01-09,9321.65,67886.52
Geo 23,2023-01-16,10421.84,67725.04
Geo 23,2023-01-23,9059.36,73543.51
Geo 23,2023-01-30,8725.39,69639.71
Geo 23,2023-02-06,9447.77,70017.54
Geo 23,2023-02-13,9091.26,73728.41
Geo 23,2023-02-20,10182.69,79204.55
Geo 23,2023-02-27,10192.93,74200.69
Geo 23,2023-03-06,9303.57,78733.41
Geo 23,2023-03-13,9758.73,72645.5
Geo 23,2023-03-20,8694.24,77717.33
Geo 23,2023-03-27,8746.1,80523.8
Geo 23,2023-04-03,9303.39,82466.33
Geo 23,2023-04-10,9360.89,74704.31
Geo 23,2023-04-17,7861.44,75922.85
Geo 23,2023-04-24,9318.36,83475.04
Geo 23,2023-05-01,9159.03,78840.57
Geo 23,2023-05-08,9616.4,82461.45
Geo 23,2023-05-15,8849.49,77255.42
Geo 23,2023-05-22,8442.55,77368.64
Geo 23,2023-05-29,8517.09,84709.34
Geo 23,2023-06-05,9030.73,87769.15
Geo 23,2023-06-12,9229.04,75122.01
Geo 23,2023-06-19,9284.54,81794.14
Geo 23,2023-06-26,9686.45,74635.37
Geo 23,2023-07-03,8168.89,80194.5
Geo 23,2023-07-10,8239.96,90878.39
Geo 23,2023-07-17,8335.21,84889.08
Geo 23,2023-07-24,8716.58,75161.28
Geo 23,2023-07-31,7604.81,80622.88
Geo 23,2023-08-07,7873.8,76505.68
Geo 23,2023-08-14,8298.2,75464.42
Geo 23,2023-08-21,8236.04,78440.43
Geo 23,2023-08-28,7519.25,64592.98
Geo 23,2023-09-04,7668.52,72616.96
Geo 23,2023-09-11,7342.43,79760.65
Geo 23,2023-09-18,8348.92,72292.14
Geo 23,2023-09-25,8118.04,71411.05
Geo 23,2023-10-02,8391.96,73416.85
Geo 23,2023-10-09,8473.81,76066.71
Geo 23,2023-10-16,9225.17,77840.07
Geo 23,2023-10-23,8218.5,75786.61
Geo 23,2023-10-30,8374.05,74062.18
Geo 23,2023-11-06,8158.26,81960.66
Geo 23,2023-11-13,8770.78,72323.37
Geo 23,2023-11-20,9310.83,80244.89
Geo 23,2023-11-27,9257.64,71958.06
Geo 23,2023-12-04,9794.93,75871.76
Geo 23,2023-12-11,8727.58,69785.69
Geo 23,2023-12-18,8941.69,68219.43
Geo 23,2023-12-25,9908.09,78911.85
Geo 23,2024-01-01,10398.21,78854.99
Geo 23,2024-01-08,8616.65,81413.62
Geo 23,2024-01-15,9099.48,80049.92
Geo 23,2024-01-22,9875.61,78179.74
Geo 23,2024-01-29,10139.99,85304.15
Geo 23,2024-02-05,10307.64,87723.01
Geo 23,2024-02-12,11397.69,84763.82
Geo 23,2024-02-19,9455.96,82871.41
Geo 23,2024-02-26,10201.0,84607.16
Geo 23,2024-03-04,10780.79,87432.99
Geo 23,2024-03-11,10466.82,90332.84
Geo 23,2024-03-18,10433.77,91430.83
Geo 23,2024-03-25,9779.99,93246.57
Geo 24,2022-04-04,24133.59,170228.49
Geo 24,2022-04-11,22041.37,184054.75
Geo 24,2022-04-18,22254.88,186634.13
Geo 24,2022-04-25,23035.01,194698.42
Geo 24,2022-05-02,22881.04,200041.52
Geo 24,2022-05-09,19905.76,212550.62
Geo 24,2022-05-16,18259.94,212861.02
Geo 24,2022-05-23,19748.53,192086.68
Geo 24,2022-05-30,20548.9,203772.51
Geo 24,2022-06-06,21711.19,185733.32
Geo 24,2022-06-13,19534.89,165893.99
Geo 24,2022-06-20,19580.98,180564.63
Geo 24,2022-06-27,20695.67,161069.27
Geo 24,2022-07-04,19981.77,176430.28
Geo 24,2022-07-11,19913.51,173610.47
Geo 24,2022-07-18,17087.72,177715.0
Geo 24,2022-07-25,16770.99,152895.21
Geo 24,2022-08-01,18603.18,151173.86
Geo 24,2022-08-08,21207.88,169209.88
Geo 24,2022-08-15,20929.8,169675.3
Geo 24,2022-08-22,22530.54,171367.42
Geo 24,2022-08-29,19641.18,158048.21
Geo 24,2022-09-05,18534.73,170951.02
Geo 24,2022-09-12,17626.57,187038.3
Geo 24,2022-09-19,19344.78,200266.3
Geo 24,2022-09-26,16988.41,171370.63
Geo 24,2022-10-03,19203.44,155601.74
Geo 24,2022-10-10,18574.09,156696.06
Geo 24,2022-10-17,19204.34,165113.84
Geo 24,2022-10-24,20691.73,178082.13
Geo 24,2022-10-31,22955.78,162883.65
Geo 24,2022-11-07,20219.17,186586.86
Geo 24,2022-11-14,19454.3,187667.65
Geo 24,2022-11-21,20422.34,180495.35
Geo 24,2022-11-28,19937.21,179316.71
Geo 24,2022-12-05,19463.8,180760.19
Geo 24,2022-12-12,23547.24,162293.6
Geo 24,2022-12-19,22585.52,168232.32
Geo 24,2022-12-26,20726.68,179064.36
Geo 24,2023-01-02,21966.03,184866.03
Geo 24,2023-01-09,20988.87,186869.43
Geo 24,2023-01-16,23995.48,172642.21
Geo 24,2023-01-23,21567.7,181213.04
Geo 24,2023-01-30,20828.3,178642.75
Geo 24,2023-02-06,23993.17,190684.57
Geo 24,2023-02-13,25354.6,179574.01
Geo 24,2023-02-20,23739.48,183896.68
Geo 24,2023-02-27,24192.14,216802.61
Geo 24,2023-03-06,25403.7,194903.14
Geo 24,2023-03-13,21880.24,204449.19
Geo 24,2023-03-20,23062.39,192673.42
Geo 24,2023-03-27,23722.41,175627.22
Geo 24,2023-04-03,23521.48,182297.68
Geo 24,2023-04-10,24611.23,182733.55
Geo 24,2023-04-17,25743.95,188952.44
Geo 24,2023-04-24,24235.52,206418.75
Geo 24,2023-05-01,24132.1,178704.79
Geo 24,2023-05-08,23274.81,172074.42
Geo 24,2023-05-15,24508.75,196426.81
Geo 24,2023-05-22,23752.6,184580.09
Geo 24,2023-05-29,23729.88,174643.53
Geo 24,2023-06-05,21918.19,172871.76
Geo 24,2023-06-12,22850.36,176555.2
Geo 24,2023-06-19,23912.19,175480.03
Geo 24,2023-06-26,21945.86,194975.45
Geo 24,2023-07-03,20729.64,199126.98
Geo 24,2023-07-10,24984.03,181497.78
Geo 24,2023-07-17,21881.64,180522.99
Geo 24,2023-07-24,21775.32,165556.03
Geo 24,2023-07-31,21934.72,183167.52
Geo 24,2023-08-07,20822.77,178179.0
Geo 24,2023-08-14,19048.43,176392.89
Geo 24,2023-08-21,20046.0,162099.47
Geo 24,2023-08-28,20394.13,155759.61
Geo 24,2023-09-04,19894.04,164190.65
Geo 24,2023-09-11,22368.6,181348.99
Geo 24,2023-09-18,21875.58,191829.26
Geo 24,2023-09-25,21344.64,186651.25
Geo 24,2023-10-02,20228.58,181441.59
Geo 24,2023-10-09,19442.85,193685.96
Geo 24,2023-10-16,20715.7,187354.02
Geo 24,2023-10-23,20211.67,182765.9
Geo 24,2023-10-30,20086.21,179739.59
Geo 24,2023-11-06,19106.32,181889.57
Geo 24,2023-11-13,21817.83,185840.48
Geo 24,2023-11-20,22307.93,194327.14
Geo 24,2023-11-27,21781.38,211353.15
Geo 24,2023-12-04,22361.22,220465.72
Geo 24,2023-12-11,23159.35,203825.39
Geo 24,2023-12-18,22777.57,206368.24
Geo 24,2023-12-25,25043.07,209198.79
Geo 24,2024-01-01,23434.31,200887.61
Geo 24,2024-01-08,23867.68,176169.47
Geo 24,2024-01-15,25838.1,183891.67
Geo 24,2024-01-22,26328.95,182334.0
Geo 24,2024-01-29,24288.04,163583.85
Geo 24,2024-02-05,26636.26,176993.97
Geo 24,2024-02-12,25381.86,170495.45
Geo 24,2024-02-19,23547.35,207899.41
Geo 24,2024-02-26,23327.97,190826.71
Geo 24,2024-03-04,21291.65,203305.04
Geo 24,2024-03-11,23045.9,190720.37
Geo 24,2024-03-18,24299.44,217875.14
Geo 24,2024-03-25,27957.54,246400.35
Geo 25,2022-04-04,10422.39,90721.5
Geo 25,2022-04-11,9357.77,85192.49
Geo 25,2022-04-18,10282.49,87275.5
Geo 25,2022-04-25,10091.23,83685.09
Geo 25,2022-05-02,9724.32,85112.95
Geo 25,2022-05-09,8832.44,81185.92
Geo 25,2022-05-16,9192.86,80718.49
Geo 25,2022-05-23,9963.62,82379.65
Geo 25,2022-05-30,10743.72,72914.05
Geo 25,2022-06-06,9975.6,72491.36
Geo 25,2022-06-13,10159.47,80242.15
Geo 25,2022-06-20,9856.56,77804.37
Geo 25,2022-06-27,8612.56,77327.61
Geo 25,2022-07-04,8724.99,78390.1
Geo 25,2022-07-11,8677.89,80297.36
Geo 25,2022-07-18,8638.31,76328.09
Geo 25,2022-07-25,9343.02,76199.2
Geo 25,2022-08-01,8759.85,77995.98
Geo 25,2022-08-08,8744.57,80345.59
Geo 25,2022-08-15,8145.02,79027.99
Geo 25,2022-08-22,8533.89,74001.17
Geo 25,2022-08-29,8672.42,72144.23
Geo 25,2022-09-05,7758.3,78639.27
Geo 25,2022-09-12,8491.43,80576.95
Geo 25,2022-09-19,8989.84,74270.92
Geo 25,2022-09-26,8415.65,69000.99
Geo 25,2022-10-03,8891.12,69936.63
Geo 25,2022-10-10,8110.0,68575.7
Geo 25,2022-10-17,8285.98,65754.52
Geo 25,2022-10-24,9379.04,65135.47
Geo 25,2022-10-31,10148.84,72617.37
Geo 25,2022-11-07,9361.51,81567.86
Geo 25,2022-11-14,8558.62,80227.73
Geo 25,2022-11-21,8461.5,72759.07
Geo 25,2022-11-28,10199.99,77938.75
Geo 25,2022-12-05,9496.58,77612.82
Geo 25,2022-12-12,8767.23,73357.02
Geo 25,2022-12-19,9621.98,78258.64
Geo 25,2022-12-26,9469.27,78434.41
Geo 25,2023-01-02,9550.61,80193.5
Geo 25,2023-01-09,11023.12,87406.04
Geo 25,2023-01-16,10379.62,85193.24
Geo 25,2023-01-23,9764.37,79736.25
Geo 25,2023-01-30,11130.11,77426.0
Geo 25,2023-02-06,10333.18,84372.85
Geo 25,2023-02-13,10563.86,78918.59
Geo 25,2023-02-20,9765.37,74663.9
Geo 25,2023-02-27,11178.9,74377.77
Geo 25,2023-03-06,10146.26,76311.86
Geo 25,2023-03-13,9796.18,75600.7
Geo 25,2023-03-20,11203.86,82521.0
Geo 25,2023-03-27,11395.04,77551.71
Geo 25,2023-04-03,10402.43,85356.83
Geo 25,2023-04-10,9551.91,77401.95
Geo 25,2023-04-17,10504.6,73204.98
Geo 25,2023-04-24,9904.26,79116.09
Geo 25,2023-05-01,11179.51,81265.4
Geo 25,2023-05-08,10432.3,86626.37
Geo 25,2023-05-15,10434.32,96513.98
Geo 25,2023-05-22,10069.89,88146.38
Geo 25,2023-05-29,9751.3,88035.82
Geo 25,2023-06-05,9824.37,85735.29
Geo 25,2023-06-12,10377.96,82270.09
Geo 25,2023-06-19,9617.35,79287.35
Geo 25,2023-06-26,9100.97,76167.73
Geo 25,2023-07-03,8744.0,70491.93
Geo 25,2023-07-10,9097.73,74940.38
Geo 25,2023-07-17,7458.53,71830.93
Geo 25,2023-07-24,8692.05,77841.76
Geo 25,2023-07-31,8188.33,80818.86
Geo 25,2023-08-07,7505.22,80647.0
Geo 25,2023-08-14,9465.62,72659.87
Geo 25,2023-08-21,8125.49,76138.93
Geo 25,2023-08-28,8578.76,76169.71
Geo 25,2023-09-04,8450.92,67682.21
Geo 25,2023-09-11,8810.06,64877.45
Geo 25,2023-09-18,8918.37,84658.67
Geo 25,2023-09-25,8219.69,79525.6
Geo 25,2023-10-02,9231.09,76576.48
Geo 25,2023-10-09,9634.3,73614.98
Geo 25,2023-10-16,8859.92,72037.58
Geo 25,2023-10-23,8695.79,73499.47
Geo 25,2023-10-30,9635.51,64098.91
Geo 25,2023-11-06,10797.77,71443.36
Geo 25,2023-11-13,9878.89,77740.24
Geo 25,2023-11-20,9735.13,76203.58
Geo 25,2023-11-27,9039.71,84216.87
Geo 25,2023-12-04,9403.32,82308.52
Geo 25,2023-12-11,10217.56,83471.94
Geo 25,2023-12-18,10837.77,75976.05
Geo 25,2023-12-25,10963.01,88624.78
Geo 25,2024-01-01,11064.78,84616.57
Geo 25,2024-01-08,10667.75,83999.52
Geo 25,2024-01-15,10976.58,82551.67
Geo 25,2024-01-22,11548.71,78957.92
Geo 25,2024-01-29,11810.32,86080.36
Geo 25,2024-02-05,13123.84,79998.82
Geo 25,2024-02-12,11849.95,84044.41
Geo 25,2024-02-19,12396.91,85347.74
Geo 25,2024-02-26,11967.52,80765.23
Geo 25,2024-03-04,12136.56,81206.13
Geo 25,2024-03-11,11185.5,75565.21
Geo 25,2024-03-18,11982.89,77166.84
Geo 25,2024-03-25,11559.15,86250.17
Geo 26,2022-04-04,9033.48,77619.74
Geo 26,2022-04-11,9585.97,76886.0
Geo 26,2022-04-18,8182.52,82205.4
Geo 26,2022-04-25,9927.0,83345.06
Geo 26,2022-05-02,8822.7,79098.58
Geo 26,2022-05-09,10375.21,74837.71
Geo 26,2022-05-16,8429.11,70628.34
Geo 26,2022-05-23,9050.41,68951.41
Geo 26,2022-05-30,9174.99,68842.5
Geo 26,2022-06-06,8353.71,64467.98
Geo 26,2022-06-13,8481.35,74021.14
Geo 26,2022-06-20,7574.89,63161.2
Geo 26,2022-06-27,7784.45,61033.23
Geo 26,2022-07-04,8044.2,67580.13
Geo 26,2022-07-11,8918.81,64456.83
Geo 26,2022-07-18,9256.65,69811.23
Geo 26,2022-07-25,8921.69,71703.14
Geo 26,2022-08-01,8255.05,62764.5
Geo 26,2022-08-08,7754.92,70042.38
Geo 26,2022-08-15,7988.66,66995.59
Geo 26,2022-08-22,8067.08,68613.07
Geo 26,2022-08-29,8738.97,65135.53
Geo 26,2022-09-05,7993.52,62505.9
Geo 26,2022-09-12,7591.32,67959.68
Geo 26,2022-09-19,7088.81,67882.75
Geo 26,2022-09-26,7479.13,60784.41
Geo 26,2022-10-03,8335.32,59899.65
Geo 26,2022-10-10,8054.53,55273.96
Geo 26,2022-10-17,7771.65,63208.64
Geo 26,2022-10-24,8320.39,65730.03
Geo 26,2022-10-31,8903.57,64085.28
Geo 26,2022-11-07,8273.06,65317.49
Geo 26,2022-11-14,9269.36,71772.56
Geo 26,2022-11-21,8503.3,79859.0
Geo 26,2022-11-28,8483.74,69169.17
Geo 26,2022-12-05,8829.37,70963.05
Geo 26,2022-12-12,9370.17,72985.92
Geo 26,2022-12-19,8739.21,81955.54
Geo 26,2022-12-26,8163.34,74356.59
Geo 26,2023-01-02,8888.28,73610.1
Geo 26,2023-01-09,8860.05,73821.51
Geo 26,2023-01-16,10063.2,75100.59
Geo 26,2023-01-23,10824.78,71935.43
Geo 26,2023-01-30,10329.75,71128.89
Geo 26,2023-02-06,10129.62,73295.11
Geo 26,2023-02-13,10451.64,82942.85
Geo 26,2023-02-20,9756.03,80331.56
Geo 26,2023-02-27,10452.79,75341.57
Geo 26,2023-03-06,10035.18,71237.64
Geo 26,2023-03-13,10529.09,75047.47
Geo 26,2023-03-20,10819.76,84287.33
Geo 26,2023-03-27,10265.51,81018.69
Geo 26,2023-04-03,10339.75,76515.37
Geo 26,2023-04-10,9477.05,82145.8
Geo 26,2023-04-17,8870.79,75966.17
Geo 26,2023-04-24,8863.88,76228.28
Geo 26,2023-05-01,9872.72,73946.63
Geo 26,2023-05-08,8274.04,81210.41
Geo 26,2023-05-15,9907.57,83296.15
Geo 26,2023-05-22,10132.04,91363.41
Geo 26,2023-05-29,10460.12,84114.55
Geo 26,2023-06-05,9795.79,81326.58
Geo 26,2023-06-12,9199.66,77456.59
Geo 26,2023-06-19,9358.01,66803.26
Geo 26,2023-06-26,8882.07,61949.02
Geo 26,2023-07-03,10225.31,64671.28
Geo 26,2023-07-10,9854.94,73255.38
Geo 26,2023-07-17,9372.69,70359.4
Geo 26,2023-07-24,8883.0,68453.04
Geo 26,2023-07-31,9097.78,70323.66
Geo 26,2023-08-07,8261.57,75538.7
Geo 26,2023-08-14,8339.51,75174.41
Geo 26,2023-08-21,8771.68,77181.72
Geo 26,2023-08-28,8293.83,73320.64
Geo 26,2023-09-04,8198.05,71369.24
Geo 26,2023-09-11,8931.08,62839.94
Geo 26,2023-09-18,8940.29,62211.52
Geo 26,2023-09-25,9092.62,73149.27
Geo 26,2023-10-02,8540.9,77977.11
Geo 26,2023-10-09,9124.71,77219.23
Geo 26,2023-10-16,8277.72,75704.74
Geo 26,2023-10-23,8493.0,68271.76
Geo 26,2023-10-30,8613.26,72682.67
Geo 26,2023-11-06,8200.15,62110.45
Geo 26,2023-11-13,9183.12,67306.7
Geo 26,2023-11-20,9623.73,72545.18
Geo 26,2023-11-27,9311.02,72160.47
Geo 26,2023-12-04,9185.69,75315.62
Geo 26,2023-12-11,10049.0,84436.16
Geo 26,2023-12-18,10173.51,79090.72
Geo 26,2023-12-25,9812.58,83057.3
Geo 26,2024-01-01,10080.04,84855.47
Geo 26,2024-01-08,10560.57,73797.27
Geo 26,2024-01-15,9303.72,68361.32
Geo 26,2024-01-22,10828.23,67756.11
Geo 26,2024-01-29,8899.61,76546.79
Geo 26,2024-02-05,10426.9,79004.93
Geo 26,2024-02-12,10525.71,77553.55
Geo 26,2024-02-19,11375.33,82504.43
Geo 26,2024-02-26,10819.22,76527.69
Geo 26,2024-03-04,11148.23,79825.14
Geo 26,2024-03-11,10688.17,77380.58
Geo 26,2024-03-18,9923.2,81154.15
Geo 26,2024-03-25,10529.56,81953.88
Geo 27,2022-04-04,21660.79,147434.13
Geo 27,2022-04-11,19129.17,155324.55
Geo 27,2022-04-18,19307.13,169473.05
Geo 27,2022-04-25,17772.56,162523.7
Geo 27,2022-05-02,19271.15,163437.09
Geo 27,2022-05-09,17761.9,152157.22
Geo 27,2022-05-16,18383.69,164389.81
Geo 27,2022-05-23,16875.48,155585.68
Geo 27,2022-05-30,18221.29,157692.81
Geo 27,2022-06-06,18315.21,153910.22
Geo 27,2022-06-13,17429.42,140859.22
Geo 27,2022-06-20,17970.47,133339.71
Geo 27,2022-06-27,18851.23,153107.42
Geo 27,2022-07-04,17446.52,161275.96
Geo 27,2022-07-11,18579.38,169510.28
Geo 27,2022-07-18,19117.94,145788.18
Geo 27,2022-07-25,19093.48,159714.63
Geo 27,2022-08-01,18402.23,144267.49
Geo 27,2022-08-08,17802.8,137532.89
Geo 27,2022-08-15,17628.73,133655.48
Geo 27,2022-08-22,17812.37,142722.32
Geo 27,2022-08-29,18240.82,156846.64
Geo 27,2022-09-05,16825.42,157082.85
Geo 27,2022-09-12,16439.12,158186.61
Geo 27,2022-09-19,16031.05,153081.24
Geo 27,2022-09-26,16937.55,149295.18
Geo 27,2022-10-03,15793.27,135267.68
Geo 27,2022-10-10,16173.75,121032.16
Geo 27,2022-10-17,17321.91,122460.64
Geo 27,2022-10-24,15197.41,138119.73
Geo 27,2022-10-31,14715.04,135531.49
Geo 27,2022-11-07,16535.7,159111.11
Geo 27,2022-11-14,17012.53,146747.51
Geo 27,2022-11-21,18928.44,157208.24
Geo 27,2022-11-28,19180.42,128992.05
Geo 27,2022-12-05,19841.26,150384.89
Geo 27,2022-12-12,20963.99,147296.34
Geo 27,2022-12-19,20265.56,162530.85
Geo 27,2022-12-26,18328.97,164156.74
Geo 27,2023-01-02,20716.73,154657.27
Geo 27,2023-01-09,21905.73,164132.89
Geo 27,2023-01-16,20757.57,153420.12
Geo 27,2023-01-23,19347.51,173782.0
Geo 27,2023-01-30,20234.25,163858.91
Geo 27,2023-02-06,18856.59,178356.72
Geo 27,2023-02-13,19153.61,163913.56
Geo 27,2023-02-20,18985.09,167736.97
Geo 27,2023-02-27,19753.52,179889.49
Geo 27,2023-03-06,23201.94,176093.25
Geo 27,2023-03-13,22153.89,158922.61
Geo 27,2023-03-20,20720.4,167674.78
Geo 27,2023-03-27,19258.76,189401.77
Geo 27,2023-04-03,19853.81,192940.53
Geo 27,2023-04-10,18382.19,146710.11
Geo 27,2023-04-17,21005.19,163459.01
Geo 27,2023-04-24,20708.06,172499.88
Geo 27,2023-05-01,19985.01,159030.65
Geo 27,2023-05-08,18366.87,166053.19
Geo 27,2023-05-15,18022.1,172566.26
Geo 27,2023-05-22,19094.44,171360.43
Geo 27,2023-05-29,18769.07,155746.69
Geo 27,2023-06-05,18322.0,158030.42
Geo 27,2023-06-12,18050.6,170617.62
Geo 27,2023-06-19,20201.22,163040.99
Geo 27,2023-06-26,19030.42,149703.6
Geo 27,2023-07-03,18004.93,137424.75
Geo 27,2023-07-10,17045.14,141850.68
Geo 27,2023-07-17,17920.31,152971.99
Geo 27,2023-07-24,18000.62,187741.16
Geo 27,2023-07-31,17202.25,182390.52
Geo 27,2023-08-07,16099.55,169759.78
Geo 27,2023-08-14,16492.46,170064.18
Geo 27,2023-08-21,16764.03,163085.85
Geo 27,2023-08-28,15858.01,155732.79
Geo 27,2023-09-04,16745.55,150230.6
Geo 27,2023-09-11,16709.18,144807.83
Geo 27,2023-09-18,16806.81,148144.58
Geo 27,2023-09-25,16890.85,158713.03
Geo 27,2023-10-02,17075.61,156921.91
Geo 27,2023-10-09,18903.75,168582.57
Geo 27,2023-10-16,17960.47,163281.02
Geo 27,2023-10-23,19400.63,155150.06
Geo 27,2023-10-30,16951.86,143816.97
Geo 27,2023-11-06,19360.72,155548.56
Geo 27,2023-11-13,20847.42,144116.47
Geo 27,2023-11-20,19700.01,129293.22
Geo 27,2023-11-27,20096.78,147586.53
Geo 27,2023-12-04,20357.53,155404.58
Geo 27,2023-12-11,18723.65,175118.01
Geo 27,2023-12-18,19637.42,162085.81
Geo 27,2023-12-25,19403.57,160093.86
Geo 27,2024-01-01,20938.74,159388.39
Geo 27,2024-01-08,20471.56,155842.95
Geo 27,2024-01-15,19117.57,161421.36
Geo 27,2024-01-22,20021.2,169211.07
Geo 27,2024-01-29,20106.41,161418.72
Geo 27,2024-02-05,21108.0,140906.52
Geo 27,2024-02-12,22733.9,154923.84
Geo 27,2024-02-19,20502.83,160903.05
Geo 27,2024-02-26,22622.36,163201.12
Geo 27,2024-03-04,20420.65,173880.65
Geo 27,2024-03-11,21720.85,172156.69
Geo 27,2024-03-18,22737.72,163302.98
Geo 27,2024-03-25,22733.03,167813.4
Geo 28,2022-04-04,31051.99,237696.67
Geo 28,2022-04-11,29853.84,238119.35
Geo 28,2022-04-18,30580.58,250585.27
Geo 28,2022-04-25,31672.77,257940.68
Geo 28,2022-05-02,30120.74,285174.19
Geo 28,2022-05-09,33669.75,292912.86
Geo 28,2022-05-16,29133.41,276211.69
Geo 28,2022-05-23,28710.68,254762.64
Geo 28,2022-05-30,27974.94,283632.81
Geo 28,2022-06-06,29828.73,305627.78
Geo 28,2022-06-13,27369.36,291091.64
Geo 28,2022-06-20,29247.21,274687.29
Geo 28,2022-06-27,27686.43,261027.76
Geo 28,2022-07-04,26740.03,229948.25
Geo 28,2022-07-11,26708.83,238336.37
Geo 28,2022-07-18,27683.12,245248.52
Geo 28,2022-07-25,24944.06,244429.98
Geo 28,2022-08-01,28407.17,229643.82
Geo 28,2022-08-08,28346.57,229503.45
Geo 28,2022-08-15,26535.89,252884.45
Geo 28,2022-08-22,26363.84,218926.79
Geo 28,2022-08-29,26643.19,204431.69
Geo 28,2022-09-05,28216.13,197126.21
Geo 28,2022-09-12,24371.7,215532.35
Geo 28,2022-09-19,23637.97,216738.38
Geo 28,2022-09-26,23089.78,212550.37
Geo 28,2022-10-03,25016.23,199701.96
Geo 28,2022-10-10,24769.9,226430.42
Geo 28,2022-10-17,25936.44,240523.78
Geo 28,2022-10-24,27756.42,219865.11
Geo 28,2022-10-31,28131.23,250168.3
Geo 28,2022-11-07,26952.58,260358.41
Geo 28,2022-11-14,30114.24,260141.11
Geo 28,2022-11-21,30492.99,211922.99
Geo 28,2022-11-28,27306.39,252947.68
Geo 28,2022-12-05,29515.59,263664.32
Geo 28,2022-12-12,30928.14,244699.28
Geo 28,2022-12-19,28967.82,231382.24
Geo 28,2022-12-26,32513.07,251408.54
Geo 28,2023-01-02,29932.78,250269.53
Geo 28,2023-01-09,29691.74,268735.3
Geo 28,2023-01-16,33304.9,240047.7
Geo 28,2023-01-23,30118.87,235561.31
Geo 28,2023-01-30,32762.71,226935.81
Geo 28,2023-02-06,34596.92,227626.22
Geo 28,2023-02-13,31920.35,269364.69
Geo 28,2023-02-20,29332.99,265555.06
Geo 28,2023-02-27,32092.11,263069.98
Geo 28,2023-03-06,33238.73,236623.08
Geo 28,2023-03-13,35429.42,262954.25
Geo 28,2023-03-20,35231.44,275641.65
Geo 28,2023-03-27,36086.4,278426.31
Geo 28,2023-04-03,32195.9,247876.89
Geo 28,2023-04-10,34519.03,244290.3
Geo 28,2023-04-17,34337.27,277807.02
Geo 28,2023-04-24,33379.62,294987.16
Geo 28,2023-05-01,32831.22,276206.64
Geo 28,2023-05-08,35355.59,282827.91
Geo 28,2023-05-15,34845.26,233042.7
Geo 28,2023-05-22,30400.25,256951.71
Geo 28,2023-05-29,35684.34,280481.24
Geo 28,2023-06-05,33052.46,247775.1
Geo 28,2023-06-12,32707.72,260419.27
Geo 28,2023-06-19,31023.18,248506.84
Geo 28,2023-06-26,28885.68,231407.04
Geo 28,2023-07-03,29373.08,253973.23
Geo 28,2023-07-10,27568.49,269501.42
Geo 28,2023-07-17,26549.9,265161.54
Geo 28,2023-07-24,26501.75,263139.07
Geo 28,2023-07-31,31786.57,243574.32
Geo 28,2023-08-07,29860.77,262551.1
Geo 28,2023-08-14,27660.58,252441.68
Geo 28,2023-08-21,27305.98,244789.52
Geo 28,2023-08-28,27554.9,264252.36
Geo 28,2023-09-04,29281.88,261628.18
Geo 28,2023-09-11,26654.03,261503.41
Geo 28,2023-09-18,26520.53,258596.35
Geo 28,2023-09-25,29053.12,235659.83
Geo 28,2023-10-02,27812.23,240892.14
Geo 28,2023-10-09,26784.68,255733.28
Geo 28,2023-10-16,28301.42,240556.1
Geo 28,2023-10-23,23681.01,253920.82
Geo 28,2023-10-30,28947.62,233245.88
Geo 28,2023-11-06,29067.8,270611.83
Geo 28,2023-11-13,27981.21,254475.44
Geo 28,2023-11-20,29598.9,260143.92
Geo 28,2023-11-27,31467.5,231605.34
Geo 28,2023-12-04,30530.89,253408.58
Geo 28,2023-12-11,30206.56,271918.64
Geo 28,2023-12-18,30255.74,258006.78
Geo 28,2023-12-25,31264.35,244802.23
Geo 28,2024-01-01,34490.75,254393.62
Geo 28,2024-01-08,32486.83,231795.64
Geo 28,2024-01-15,32187.19,271777.25
Geo 28,2024-01-22,34408.54,256113.65
Geo 28,2024-01-29,31752.77,251414.47
Geo 28,2024-02-05,31759.94,250140.43
Geo 28,2024-02-12,28071.38,258654.2
Geo 28,2024-02-19,30075.11,257204.8
Geo 28,2024-02-26,34988.19,315481.68
Geo 28,2024-03-04,32653.36,278972.28
Geo 28,2024-03-11,36188.41,270847.97
Geo 28,2024-03-18,31278.67,304508.8
Geo 28,2024-03-25,35024.92,271759.76
Geo 29,2022-04-04,20139.17,132608.63
Geo 29,2022-04-11,19688.72,137230.5
Geo 29,2022-04-18,18165.5,133274.37
Geo 29,2022-04-25,18110.52,150300.63
Geo 29,2022-05-02,20400.54,151825.61
Geo 29,2022-05-09,19479.18,148991.22
Geo 29,2022-05-16,18870.59,165057.52
Geo 29,2022-05-23,20642.4,141411.11
Geo 29,2022-05-30,20366.12,153192.26
Geo 29,2022-06-06,18164.52,156820.2
Geo 29,2022-06-13,18077.49,152448.66
Geo 29,2022-06-20,17743.16,169462.56
Geo 29,2022-06-27,16274.85,140739.32
Geo 29,2022-07-04,16157.62,148038.71
Geo 29,2022-07-11,17547.2,142776.54
Geo 29,2022-07-18,15813.63,149275.52
Geo 29,2022-07-25,14909.83,140513.11
Geo 29,2022-08-01,15096.25,144593.45
Geo 29,2022-08-08,16609.88,128011.12
Geo 29,2022-08-15,15364.24,131140.87
Geo 29,2022-08-22,16561.82,140273.78
Geo 29,2022-08-29,16594.7,152075.88
Geo 29,2022-09-05,16199.9,146549.12
Geo 29,2022-09-12,15861.03,146017.36
Geo 29,2022-09-19,16326.34,136014.27
Geo 29,2022-09-26,16940.44,141899.84
Geo 29,2022-10-03,17020.54,140334.27
Geo 29,2022-10-10,15604.69,161777.47
Geo 29,2022-10-17,15699.09,131962.83
Geo 29,2022-10-24,17531.74,141230.99
Geo 29,2022-10-31,15604.95,141126.61
Geo 29,2022-11-07,17528.92,155507.19
Geo 29,2022-11-14,16738.12,171863.3
Geo 29,2022-11-21,17736.5,146895.72
Geo 29,2022-11-28,20425.62,141595.18
Geo 29,2022-12-05,19507.87,142218.22
Geo 29,2022-12-12,20201.1,136770.01
Geo 29,2022-12-19,19504.38,159266.2
Geo 29,2022-12-26,18356.73,152967.14
Geo 29,2023-01-02,17859.83,151525.24
Geo 29,2023-01-09,18215.78,150497.27
Geo 29,2023-01-16,18459.82,149390.06
Geo 29,2023-01-23,19325.49,159175.65
Geo 29,2023-01-30,20400.99,145920.15
Geo 29,2023-02-06,20454.65,154987.54
Geo 29,2023-02-13,20275.38,147167.01
Geo 29,2023-02-20,20294.93,158343.26
Geo 29,2023-02-27,17913.49,167558.78
Geo 29,2023-03-06,19938.78,172623.92
Geo 29,2023-03-13,20486.18,179532.3
Geo 29,2023-03-20,18951.07,170148.73
Geo 29,2023-03-27,20171.27,164248.22
Geo 29,2023-04-03,20458.29,160990.43
Geo 29,2023-04-10,20453.07,171958.76
Geo 29,2023-04-17,19174.6,175137.71
Geo 29,2023-04-24,19796.92,183981.85
Geo 29,2023-05-01,18945.0,180569.94
Geo 29,2023-05-08,20095.12,163194.15
Geo 29,2023-05-15,21072.36,164831.6
Geo 29,2023-05-22,21639.73,176330.64
Geo 29,2023-05-29,20407.36,165659.32
Geo 29,2023-06-05,19120.44,172810.38
Geo 29,2023-06-12,18916.9,176363.54
Geo 29,2023-06-19,18554.26,178486.79
Geo 29,2023-06-26,18037.24,160707.58
Geo 29,2023-07-03,17017.63,155412.9
Geo 29,2023-07-10,18012.62,167231.55
Geo 29,2023-07-17,18263.29,178398.7
Geo 29,2023-07-24,17255.34,161403.79
Geo 29,2023-07-31,17036.58,149082.1
Geo 29,2023-08-07,16903.55,137935.55
Geo 29,2023-08-14,17780.53,133946.33
Geo 29,2023-08-21,17198.28,144131.74
Geo 29,2023-08-28,16035.97,156330.56
Geo 29,2023-09-04,16047.39,149305.67
Geo 29,2023-09-11,16403.42,140592.69
Geo 29,2023-09-18,16892.4,147768.16
Geo 29,2023-09-25,15322.21,145256.36
Geo 29,2023-10-02,17233.83,168964.84
Geo 29,2023-10-09,16742.37,172757.85
Geo 29,2023-10-16,17411.32,160715.52
Geo 29,2023-10-23,17098.5,151118.68
Geo 29,2023-10-30,17647.61,147952.6
Geo 29,2023-11-06,18870.29,152728.29
Geo 29,2023-11-13,17836.96,147999.38
Geo 29,2023-11-20,16744.73,144816.11
Geo 29,2023-11-27,16505.22,151020.4
Geo 29,2023-12-04,19052.1,174616.44
Geo 29,2023-12-11,21621.57,169228.56
Geo 29,2023-12-18,20666.09,149430.68
Geo 29,2023-12-25,23447.18,160873.99
Geo 29,2024-01-01,20747.8,149464.33
Geo 29,2024-01-08,21060.8,143601.08
Geo 29,2024-01-15,20537.36,168217.08
Geo 29,2024-01-22,22239.87,170373.73
Geo 29,2024-01-29,18836.05,174142.15
Geo 29,2024-02-05,20215.49,185818.83
Geo 29,2024-02-12,19284.57,173013.31
Geo 29,2024-02-19,20813.89,177093.73
Geo 29,2024-02-26,19075.66,168358.42
Geo 29,2024-03-04,19455.25,182661.61
Geo 29,2024-03-11,21396.27,172299.48
Geo 29,2024-03-18,20011.26,171775.93
Geo 29,2024-03-25,21264.42,185668.13
Geo 30,2022-04-04,38388.15,333129.32
Geo 30,2022-04-11,36890.22,359078.26
Geo 30,2022-04-18,39527.73,372310.76
Geo 30,2022-04-25,44532.02,376040.87
Geo 30,2022-05-02,44539.69,347425.58
Geo 30,2022-05-09,39774.01,315764.34
Geo 30,2022-05-16,42287.05,319585.66
Geo 30,2022-05-23,38945.65,360037.75
Geo 30,2022-05-30,39423.23,355518.37
Geo 30,2022-06-06,37937.06,344149.62
Geo 30,2022-06-13,35923.21,334227.13
Geo 30,2022-06-20,36679.69,318437.82
Geo 30,2022-06-27,39859.0,305329.15
Geo 30,2022-07-04,38385.72,309564.66
Geo 30,2022-07-11,40743.15,303060.98
Geo 30,2022-07-18,34911.96,280715.97
Geo 30,2022-07-25,35789.08,281992.53
Geo 30,2022-08-01,34725.77,330385.99
Geo 30,2022-08-08,33695.86,316639.11
Geo 30,2022-08-15,32249.2,323802.85
Geo 30,2022-08-22,30324.41,276673.34
Geo 30,2022-08-29,29934.49,249949.5
Geo 30,2022-09-05,33077.87,321980.77
Geo 30,2022-09-12,37805.05,284984.89
Geo 30,2022-09-19,37365.36,317101.37
Geo 30,2022-09-26,35900.22,302730.23
Geo 30,2022-10-03,31575.38,271246.77
Geo 30,2022-10-10,32672.49,321208.94
Geo 30,2022-10-17,34294.54,292008.01
Geo 30,2022-10-24,32698.69,341648.06
Geo 30,2022-10-31,35740.37,311586.59
Geo 30,2022-11-07,38962.34,349866.06
Geo 30,2022-11-14,37205.83,328273.31
Geo 30,2022-11-21,41621.77,328916.82
Geo 30,2022-11-28,41616.86,348620.09
Geo 30,2022-12-05,38108.34,310809.78
Geo 30,2022-12-12,37141.52,339609.41
Geo 30,2022-12-19,39304.07,356341.66
Geo 30,2022-12-26,39834.38,339906.77
Geo 30,2023-01-02,40843.71,330684.45
Geo 30,2023-01-09,44172.56,345264.13
Geo 30,2023-01-16,39706.85,335677.66
Geo 30,2023-01-23,43170.91,319131.95
Geo 30,2023-01-30,41552.79,320008.97
Geo 30,2023-02-06,42382.42,323478.99
Geo 30,2023-02-13,39227.43,326956.93
Geo 30,2023-02-20,44379.01,338556.06
Geo 30,2023-02-27,42902.03,341075.6
Geo 30,2023-03-06,43159.46,337581.03
Geo 30,2023-03-13,44881.45,303792.07
Geo 30,2023-03-20,45640.83,327370.1
Geo 30,2023-03-27,41772.63,352110.82
Geo 30,2023-04-03,40351.92,353948.72
Geo 30,2023-04-10,39775.93,362909.01
Geo 30,2023-04-17,40844.89,343300.94
Geo 30,2023-04-24,40872.47,401061.95
Geo 30,2023-05-01,46402.03,389747.63
Geo 30,2023-05-08,42878.81,348582.8
Geo 30,2023-05-15,42649.59,351023.21
Geo 30,2023-05-22,45867.15,354652.58
Geo 30,2023-05-29,39851.53,369283.98
Geo 30,2023-06-05,38188.77,365077.13
Geo 30,2023-06-12,38434.43,344441.77
Geo 30,2023-06-19,38649.44,335062.92
Geo 30,2023-06-26,40943.8,358228.41
Geo 30,2023-07-03,39411.33,348478.54
Geo 30,2023-07-10,40527.31,370625.77
Geo 30,2023-07-17,36364.55,352233.96
Geo 30,2023-07-24,36542.22,339177.83
Geo 30,2023-07-31,39393.37,340879.86
Geo 30,2023-08-07,37519.33,317400.36
Geo 30,2023-08-14,35787.91,338857.83
Geo 30,2023-08-21,38720.16,267612.25
Geo 30,2023-08-28,34088.61,274560.65
Geo 30,2023-09-04,36011.66,310408.17
Geo 30,2023-09-11,34432.48,329538.36
Geo 30,2023-09-18,35011.2,313717.26
Geo 30,2023-09-25,34085.62,338663.7
Geo 30,2023-10-02,42124.99,324170.88
Geo 30,2023-10-09,38328.24,283546.25
Geo 30,2023-10-16,39545.76,325297.7
Geo 30,2023-10-23,36211.38,332049.28
Geo 30,2023-10-30,40256.48,307245.28
Geo 30,2023-11-06,34205.39,332597.4
Geo 30,2023-11-13,31857.04,324044.8
Geo 30,2023-11-20,35208.29,343432.7
Geo 30,2023-11-27,38939.51,290077.02
Geo 30,2023-12-04,36253.41,324569.56
Geo 30,2023-12-11,41100.32,310513.11
Geo 30,2023-12-18,39164.1,347429.48
Geo 30,2023-12-25,39678.62,315241.96
Geo 30,2024-01-01,41070.35,320514.46
Geo 30,2024-01-08,41451.19,319826.14
Geo 30,2024-01-15,39148.18,308320.99
Geo 30,2024-01-22,40521.29,318913.83
Geo 30,2024-01-29,43190.58,347520.79
Geo 30,2024-02-05,45038.66,366216.58
Geo 30,2024-02-12,44695.54,346998.87
Geo 30,2024-02-19,50364.3,373126.33
Geo 30,2024-02-26,48112.34,351586.81
Geo 30,2024-03-04,45009.64,362919.81
Geo 30,2024-03-11,48061.99,375452.78
Geo 30,2024-03-18,47843.29,377850.87
Geo 30,2024-03-25,45418.09,359700.29
Geo 31,2022-04-04,34031.56,261664.7
Geo 31,2022-04-11,34869.02,261964.56
Geo 31,2022-04-18,29884.77,247882.57
Geo 31,2022-04-25,32029.08,250110.42
Geo 31,2022-05-02,37991.06,283009.49
Geo 31,2022-05-09,34391.95,297191.8
Geo 31,2022-05-16,35133.91,246091.97
Geo 31,2022-05-23,31441.55,256140.27
Geo 31,2022-05-30,33691.31,286161.11
Geo 31,2022-06-06,30697.75,293473.24
Geo 31,2022-06-13,32899.08,266249.3
Geo 31,2022-06-20,34701.77,295192.03
Geo 31,2022-06-27,34656.67,284849.93
Geo 31,2022-07-04,32306.69,254672.9
Geo 31,2022-07-11,29875.41,236025.47
Geo 31,2022-07-18,28287.96,263850.64
Geo 31,2022-07-25,29225.81,251810.22
Geo 31,2022-08-01,31603.09,275112.33
Geo 31,2022-08-08,30756.71,251767.78
Geo 31,2022-08-15,33226.4,279562.89
Geo 31,2022-08-22,34014.85,263915.17
Geo 31,2022-08-29,29655.83,250024.91
Geo 31,2022-09-05,32331.06,272967.33
Geo 31,2022-09-12,29040.32,284465.72
Geo 31,2022-09-19,26489.87,240932.58
Geo 31,2022-09-26,30893.51,219175.03
Geo 31,2022-10-03,27267.54,229382.88
Geo 31,2022-10-10,30609.88,227128.2
Geo 31,2022-10-17,32229.16,236899.36
Geo 31,2022-10-24,34076.76,256903.13
Geo 31,2022-10-31,34606.1,244962.04
Geo 31,2022-11-07,31199.96,289800.98
Geo 31,2022-11-14,32444.2,280008.59
Geo 31,2022-11-21,29340.89,259713.62
Geo 31,2022-11-28,31135.99,275018.51
Geo 31,2022-12-05,31281.92,251369.74
Geo 31,2022-12-12,34863.95,259654.44
Geo 31,2022-12-19,34875.51,258583.73
Geo 31,2022-12-26,34115.24,239929.15
Geo 31,2023-01-02,33236.09,269226.37
Geo 31,2023-01-09,34495.61,262074.58
Geo 31,2023-01-16,38407.69,231865.75
Geo 31,2023-01-23,36746.87,232495.91
Geo 31,2023-01-30,35813.21,227927.1
Geo 31,2023-02-06,34709.48,232995.56
Geo 31,2023-02-13,35400.68,295950.56
Geo 31,2023-02-20,32725.49,274612.36
Geo 31,2023-02-27,30759.95,297611.19
Geo 31,2023-03-06,34748.4,270132.23
Geo 31,2023-03-13,36758.13,247068.75
Geo 31,2023-03-20,39594.4,283443.04
Geo 31,2023-03-27,40432.59,306275.11
Geo 31,2023-04-03,35219.77,302435.57
Geo 31,2023-04-10,38929.06,299188.79
Geo 31,2023-04-17,38969.35,280834.72
Geo 31,2023-04-24,34987.53,285891.75
Geo 31,2023-05-01,39437.97,270863.83
Geo 31,2023-05-08,36451.34,272242.25
Geo 31,2023-05-15,38343.08,309643.36
Geo 31,2023-05-22,35332.68,322061.12
Geo 31,2023-05-29,32232.15,288313.49
Geo 31,2023-06-05,34099.34,293937.81
Geo 31,2023-06-12,32508.19,235430.26
Geo 31,2023-06-19,35527.86,244365.78
Geo 31,2023-06-26,29524.63,249291.93
Geo 31,2023-07-03,31335.04,220715.01
Geo 31,2023-07-10,32710.28,241544.84
Geo 31,2023-07-17,30585.6,243720.94
Geo 31,2023-07-24,29590.53,273099.46
Geo 31,2023-07-31,34575.13,243396.62
Geo 31,2023-08-07,33528.66,259027.17
Geo 31,2023-08-14,30315.05,259792.38
Geo 31,2023-08-21,30522.02,238793.85
Geo 31,2023-08-28,33338.33,280346.33
Geo 31,2023-09-04,31862.27,280173.77
Geo 31,2023-09-11,29365.35,247773.93
Geo 31,2023-09-18,30143.76,269860.09
Geo 31,2023-09-25,32101.2,243033.04
Geo 31,2023-10-02,30593.64,247084.08
Geo 31,2023-10-09,29220.79,261841.58
Geo 31,2023-10-16,29486.33,258458.03
Geo 31,2023-10-23,31881.24,229279.03
Geo 31,2023-10-30,32636.38,236813.83
Geo 31,2023-11-06,34164.63,253203.24
Geo 31,2023-11-13,30538.55,252421.76
Geo 31,2023-11-20,32218.75,284497.41
Geo 31,2023-11-27,36401.38,265295.15
Geo 31,2023-12-04,36419.81,282137.92
Geo 31,2023-12-11,36720.81,270630.9
Geo 31,2023-12-18,36730.07,288908.72
Geo 31,2023-12-25,34539.42,262520.17
Geo 31,2024-01-01,36817.53,281508.71
Geo 31,2024-01-08,37525.86,298577.54
Geo 31,2024-01-15,35638.12,262297.34
Geo 31,2024-01-22,36574.98,271841.55
Geo 31,2024-01-29,37391.75,265933.88
Geo 31,2024-02-05,37711.03,309940.4
Geo 31,2024-02-12,38718.46,271730.64
Geo 31,2024-02-19,34718.87,267060.32
Geo 31,2024-02-26,34668.12,290277.77
Geo 31,2024-03-04,39115.37,290297.51
Geo 31,2024-03-11,39591.89,303106.95
Geo 31,2024-03-18,41585.9,278007.32
Geo 31,2024-03-25,38173.97,325919.02
Geo 32,2022-04-04,9946.54,88282.34
Geo 32,2022-04-11,10051.04,83722.04
Geo 32,2022-04-18,9106.46,90294.79
Geo 32,2022-04-25,9481.96,77746.16
Geo 32,2022-05-02,9484.37,86033.93
Geo 32,2022-05-09,10266.29,78248.64
Geo 32,2022-05-16,8871.6,76866.83
Geo 32,2022-05-23,9704.76,79017.07
Geo 32,2022-05-30,9190.19,73862.49
Geo 32,2022-06-06,8868.02,78352.87
Geo 32,2022-06-13,9172.46,70938.21
Geo 32,2022-06-20,10074.13,72917.11
Geo 32,2022-06-27,7941.2,75144.04
Geo 32,2022-07-04,8485.49,72770.63
Geo 32,2022-07-11,8985.77,72302.35
Geo 32,2022-07-18,8799.13,71123.36
Geo 32,2022-07-25,8416.83,73274.0
Geo 32,2022-08-01,8111.89,67413.32
Geo 32,2022-08-08,8185.99,64442.02
Geo 32,2022-08-15,8901.16,75539.62
Geo 32,2022-08-22,7962.32,76950.86
Geo 32,2022-08-29,8023.92,77799.31
Geo 32,2022-09-05,8238.07,66480.95
Geo 32,2022-09-12,7483.77,75355.21
Geo 32,2022-09-19,7895.63,70293.07
Geo 32,2022-09-26,8641.95,62514.57
Geo 32,2022-10-03,7735.11,64711.5
Geo 32,2022-10-10,7887.12,70137.38
Geo 32,2022-10-17,8536.16,77043.83
Geo 32,2022-10-24,7584.5,68977.45
Geo 32,2022-10-31,8506.45,72235.81
Geo 32,2022-11-07,8888.86,72478.33
Geo 32,2022-11-14,9201.22,74491.14
Geo 32,2022-11-21,7374.02,66284.63
Geo 32,2022-11-28,7946.02,75569.35
Geo 32,2022-12-05,8698.02,71918.34
Geo 32,2022-12-12,9136.78,68068.19
Geo 32,2022-12-19,9928.99,70901.4
Geo 32,2022-12-26,9403.35,74684.98
Geo 32,2023-01-02,9913.84,69318.91
Geo 32,2023-01-09,9944.89,72037.74
Geo 32,2023-01-16,9994.44,75455.72
Geo 32,2023-01-23,9371.57,71430.5
Geo 32,2023-01-30,9201.23,77906.68
Geo 32,2023-02-06,10234.87,84034.83
Geo 32,2023-02-13,10352.56,77501.06
Geo 32,2023-02-20,10167.03,84257.86
Geo 32,2023-02-27,9843.05,79621.42
Geo 32,2023-03-06,10826.97,78755.88
Geo 32,2023-03-13,11246.15,75327.06
Geo 32,2023-03-20,9801.16,69839.15
Geo 32,2023-03-27,9655.65,68160.59
Geo 32,2023-04-03,10746.68,66726.2
Geo 32,2023-04-10,10854.78,82041.84
Geo 32,2023-04-17,11849.17,81554.8
Geo 32,2023-04-24,9631.97,83378.15
Geo 32,2023-05-01,9674.48,82662.33
Geo 32,2023-05-08,10402.47,76373.02
Geo 32,2023-05-15,9809.08,73661.73
Geo 32,2023-05-22,10216.39,78464.06
Geo 32,2023-05-29,9384.6,90817.5
Geo 32,2023-06-05,10507.34,93819.27
Geo 32,2023-06-12,9685.87,89853.11
Geo 32,2023-06-19,9578.64,86600.75
Geo 32,2023-06-26,9474.71,80240.29
Geo 32,2023-07-03,9687.1,80428.83
Geo 32,2023-07-10,8539.08,84638.57
Geo 32,2023-07-17,9010.63,82189.81
Geo 32,2023-07-24,9499.78,79173.13
Geo 32,2023-07-31,9091.96,80979.62
Geo 32,2023-08-07,8378.2,65186.57
Geo 32,2023-08-14,8607.09,64361.87
Geo 32,2023-08-21,8978.48,74014.7
Geo 32,2023-08-28,8623.01,70966.69
Geo 32,2023-09-04,9306.65,75016.86
Geo 32,2023-09-11,8702.16,68570.24
Geo 32,2023-09-18,7848.15,73070.39
Geo 32,2023-09-25,8530.72,71933.11
Geo 32,2023-10-02,8302.43,72963.42
Geo 32,2023-10-09,9075.12,70887.8
Geo 32,2023-10-16,8418.13,74145.47
Geo 32,2023-10-23,8437.3,72202.88
Geo 32,2023-10-30,9335.28,71837.25
Geo 32,2023-11-06,8324.28,70683.56
Geo 32,2023-11-13,9369.7,70777.26
Geo 32,2023-11-20,8837.7,78189.0
Geo 32,2023-11-27,8991.99,87226.64
Geo 32,2023-12-04,10690.3,84356.72
Geo 32,2023-12-11,10383.37,82919.04
Geo 32,2023-12-18,10951.99,74004.06
Geo 32,2023-12-25,9584.57,83173.6
Geo 32,2024-01-01,11099.86,73558.19
Geo 32,2024-01-08,9466.55,77406.46
Geo 32,2024-01-15,10070.74,83825.73
Geo 32,2024-01-22,10869.24,91552.51
Geo 32,2024-01-29,12016.86,84845.66
Geo 32,2024-02-05,9421.92,78652.24
Geo 32,2024-02-12,10341.0,75697.51
Geo 32,2024-02-19,10477.96,84573.84
Geo 32,2024-02-26,10573.19,82373.47
Geo 32,2024-03-04,10338.94,86169.35
Geo 32,2024-03-11,10682.42,78939.03
Geo 32,2024-03-18,10409.26,80456.23
Geo 32,2024-03-25,9535.22,81394.61
Geo 33,2022-04-04,20452.62,163887.11
Geo 33,2022-04-11,20045.99,157120.98
Geo 33,2022-04-18,20266.13,155307.92
Geo 33,2022-04-25,24034.96,170518.53
Geo 33,2022-05-02,21200.75,186209.57
Geo 33,2022-05-09,19076.94,179697.08
Geo 33,2022-05-16,19217.13,190130.54
Geo 33,2022-05-23,19678.06,198760.14
Geo 33,2022-05-30,19567.38,165919.88
Geo 33,2022-06-06,18643.6,163101.74
Geo 33,2022-06-13,19484.99,153062.32
Geo 33,2022-06-20,18561.41,149992.87
Geo 33,2022-06-27,18413.53,149952.01
Geo 33,2022-07-04,18736.6,159806.57
Geo 33,2022-07-11,19093.68,165343.49
Geo 33,2022-07-18,18123.46,159882.02
Geo 33,2022-07-25,16456.46,136728.17
Geo 33,2022-08-01,18381.0,134625.26
Geo 33,2022-08-08,18548.37,124014.22
Geo 33,2022-08-15,18412.28,124791.95
Geo 33,2022-08-22,18415.6,115301.44
Geo 33,2022-08-29,17667.65,140273.98
Geo 33,2022-09-05,17763.87,125522.56
Geo 33,2022-09-12,17016.82,150097.56
Geo 33,2022-09-19,16988.28,153996.78
Geo 33,2022-09-26,17892.41,143604.51
Geo 33,2022-10-03,15715.2,155391.47
Geo 33,2022-10-10,16521.89,154309.82
Geo 33,2022-10-17,17951.85,166399.91
Geo 33,2022-10-24,18917.14,161117.12
Geo 33,2022-10-31,20258.41,162964.72
Geo 33,2022-11-07,20799.27,166875.99
Geo 33,2022-11-14,18979.8,162527.18
Geo 33,2022-11-21,18551.24,172911.38
Geo 33,2022-11-28,17548.45,153461.62
Geo 33,2022-12-05,19048.55,177761.61
Geo 33,2022-12-12,21109.97,152026.41
Geo 33,2022-12-19,21420.14,170423.42
Geo 33,2022-12-26,22446.25,157967.35
Geo 33,2023-01-02,23386.65,170330.18
Geo 33,2023-01-09,22324.67,159742.49
Geo 33,2023-01-16,21433.11,176087.33
Geo 33,2023-01-23,20371.91,180824.09
Geo 33,2023-01-30,21660.01,164719.31
Geo 33,2023-02-06,22477.39,162575.18
Geo 33,2023-02-13,21186.38,159776.88
Geo 33,2023-02-20,20478.23,176004.21
Geo 33,2023-02-27,21408.41,178625.69
Geo 33,2023-03-06,20736.61,179451.65
Geo 33,2023-03-13,20925.02,161947.98
Geo 33,2023-03-20,20719.1,170703.93
Geo 33,2023-03-27,21021.58,178912.05
Geo 33,2023-04-03,22486.49,174613.32
Geo 33,2023-04-10,22977.24,190490.66
Geo 33,2023-04-17,22642.22,192984.35
Geo 33,2023-04-24,24885.97,196200.56
Geo 33,2023-05-01,23738.45,187080.97
Geo 33,2023-05-08,22212.64,169200.79
Geo 33,2023-05-15,23106.4,195238.85
Geo 33,2023-05-22,22068.25,186518.83
Geo 33,2023-05-29,20359.78,182050.91
Geo 33,2023-06-05,19446.5,178409.36
Geo 33,2023-06-12,21496.76,173623.21
Geo 33,2023-06-19,17928.57,175128.9
Geo 33,2023-06-26,18689.87,180331.43
Geo 33,2023-07-03,17575.26,172666.23
Geo 33,2023-07-10,18905.01,155950.04
Geo 33,2023-07-17,21346.59,169061.69
Geo 33,2023-07-24,17795.92,182071.91
Geo 33,2023-07-31,20303.86,162047.6
Geo 33,2023-08-07,20593.95,171779.97
Geo 33,2023-08-14,18214.8,174465.74
Geo 33,2023-08-21,18980.47,167233.58
Geo 33,2023-08-28,19833.6,161656.8
Geo 33,2023-09-04,17545.58,159041.64
Geo 33,2023-09-11,15855.95,152011.12
Geo 33,2023-09-18,17668.69,151282.62
Geo 33,2023-09-25,18913.73,137703.4
Geo 33,2023-10-02,18428.12,142785.69
Geo 33,2023-10-09,18578.23,128170.32
Geo 33,2023-10-16,21240.95,163921.68
Geo 33,2023-10-23,19586.23,180792.19
Geo 33,2023-10-30,21253.74,180777.53
Geo 33,2023-11-06,19271.17,167719.74
Geo 33,2023-11-13,19394.62,169566.14
Geo 33,2023-11-20,18618.0,179341.78
Geo 33,2023-11-27,20061.67,176642.45
Geo 33,2023-12-04,22051.88,144142.17
Geo 33,2023-12-11,21955.67,155867.34
Geo 33,2023-12-18,20282.77,179063.91
Geo 33,2023-12-25,20474.54,174402.89
Geo 33,2024-01-01,20793.95,190059.24
Geo 33,2024-01-08,22170.68,182951.5
Geo 33,2024-01-15,22925.87,163157.83
Geo 33,2024-01-22,25446.37,171718.82
Geo 33,2024-01-29,22569.99,160781.0
Geo 33,2024-02-05,23593.59,195757.43
Geo 33,2024-02-12,22282.42,184605.52
Geo 33,2024-02-19,20935.65,177698.32
Geo 33,2024-02-26,22110.83,163201.73
Geo 33,2024-03-04,23006.47,190990.81
Geo 33,2024-03-11,23016.63,191754.05
Geo 33,2024-03-18,21616.4,180434.53
Geo 33,2024-03-25,22403.81,202398.22
Geo 34,2022-04-04,19921.22,163880.69
Geo 34,2022-04-11,20770.0,181211.94
Geo 34,2022-04-18,18843.46,183556.01
Geo 34,2022-04-25,20948.87,166735.33
Geo 34,2022-05-02,18893.5,165787.35
Geo 34,2022-05-09,19857.31,158034.68
Geo 34,2022-05-16,17015.95,177050.52
Geo 34,2022-05-23,17525.27,168257.26
Geo 34,2022-05-30,18548.83,170614.36
Geo 34,2022-06-06,17203.01,162821.24
Geo 34,2022-06-13,18380.54,166854.99
Geo 34,2022-06-20,18511.05,148803.02
Geo 34,2022-06-27,18596.6,145450.94
Geo 34,2022-07-04,17689.86,157595.86
Geo 34,2022-07-11,18571.66,129111.44
Geo 34,2022-07-18,18841.67,149799.75
Geo 34,2022-07-25,17049.83,143084.99
Geo 34,2022-08-01,16769.17,141558.87
Geo 34,2022-08-08,17734.88,138396.49
Geo 34,2022-08-15,19769.3,131730.48
Geo 34,2022-08-22,17553.69,116094.55
Geo 34,2022-08-29,18174.35,136935.79
Geo 34,2022-09-05,16691.68,135631.09
Geo 34,2022-09-12,19302.49,148884.4
Geo 34,2022-09-19,18344.85,145984.36
Geo 34,2022-09-26,17375.94,141148.45
Geo 34,2022-10-03,17680.97,136356.13
Geo 34,2022-10-10,19560.81,168870.04
Geo 34,2022-10-17,17921.13,166030.45
Geo 34,2022-10-24,17620.69,155988.8
Geo 34,2022-10-31,15404.97,155317.14
Geo 34,2022-11-07,18509.02,144903.51
Geo 34,2022-11-14,17722.89,158125.24
Geo 34,2022-11-21,17869.91,157931.65
Geo 34,2022-11-28,19273.83,150549.88
Geo 34,2022-12-05,18416.21,158086.99
Geo 34,2022-12-12,18973.63,146058.08
Geo 34,2022-12-19,18349.18,155340.27
Geo 34,2022-12-26,21045.4,162236.4
Geo 34,2023-01-02,22683.46,159967.28
Geo 34,2023-01-09,21296.25,173260.81
Geo 34,2023-01-16,22353.3,167952.6
Geo 34,2023-01-23,18679.86,153475.29
Geo 34,2023-01-30,20158.88,168211.65
Geo 34,2023-02-06,20289.64,188188.68
Geo 34,2023-02-13,19770.35,179770.4
Geo 34,2023-02-20,22170.87,181744.17
Geo 34,2023-02-27,18944.09,188632.46
Geo 34,2023-03-06,20586.39,186457.88
Geo 34,2023-03-13,20062.23,179730.57
Geo 34,2023-03-20,20500.04,171049.11
Geo 34,2023-03-27,22225.73,171302.23
Geo 34,2023-04-03,21083.64,149813.53
Geo 34,2023-04-10,19868.98,177352.63
Geo 34,2023-04-17,20446.29,175348.07
Geo 34,2023-04-24,21729.43,191667.0
Geo 34,2023-05-01,21443.08,197671.0
Geo 34,2023-05-08,23786.64,201407.18
Geo 34,2023-05-15,21685.71,195374.93
Geo 34,2023-05-22,20309.92,183268.91
Geo 34,2023-05-29,19429.74,182331.15
Geo 34,2023-06-05,17137.52,180333.95
Geo 34,2023-06-12,17702.82,172468.82
Geo 34,2023-06-19,19605.79,180561.66
Geo 34,2023-06-26,20593.57,175334.18
Geo 34,2023-07-03,19862.24,166226.45
Geo 34,2023-07-10,20647.81,176183.65
Geo 34,2023-07-17,18484.55,182589.9
Geo 34,2023-07-24,20441.65,202651.09
Geo 34,2023-07-31,20471.9,174052.17
Geo 34,2023-08-07,19111.41,159792.43
Geo 34,2023-08-14,16667.26,174516.59
Geo 34,2023-08-21,17746.97,152037.59
Geo 34,2023-08-28,17499.92,174456.31
Geo 34,2023-09-04,16625.74,174437.3
Geo 34,2023-09-11,18078.8,166133.56
Geo 34,2023-09-18,20287.83,170959.06
Geo 34,2023-09-25,17982.17,187387.87
Geo 34,2023-10-02,19129.0,164637.31
Geo 34,2023-10-09,20538.95,172794.14
Geo 34,2023-10-16,20534.91,173176.19
Geo 34,2023-10-23,19027.48,159510.45
Geo 34,2023-10-30,19720.02,168752.46
Geo 34,2023-11-06,22082.82,164892.16
Geo 34,2023-11-13,21621.25,170767.56
Geo 34,2023-11-20,18457.77,166913.95
Geo 34,2023-11-27,18910.15,176224.28
Geo 34,2023-12-04,18295.99,184509.9
Geo 34,2023-12-11,19442.85,187623.55
Geo 34,2023-12-18,20715.13,192085.52
Geo 34,2023-12-25,21069.03,171732.94
Geo 34,2024-01-01,22805.58,163920.96
Geo 34,2024-01-08,22195.31,166382.37
Geo 34,2024-01-15,22859.15,180770.05
Geo 34,2024-01-22,24190.84,186198.4
Geo 34,2024-01-29,23009.54,165131.69
Geo 34,2024-02-05,22126.49,180532.33
Geo 34,2024-02-12,24662.25,175409.73
Geo 34,2024-02-19,22432.22,171879.58
Geo 34,2024-02-26,22080.53,177503.97
Geo 34,2024-03-04,23172.7,193141.3
Geo 34,2024-03-11,23221.29,183924.02
Geo 34,2024-03-18,23107.54,207595.11
Geo 34,2024-03-25,22278.84,196242.52
Geo 35,2022-04-04,18927.68,177539.87
Geo 35,2022-04-11,23672.91,200525.14
Geo 35,2022-04-18,26138.62,209122.52
Geo 35,2022-04-25,21595.16,188184.98
Geo 35,2022-05-02,21008.46,210648.26
Geo 35,2022-05-09,23710.18,203760.62
Geo 35,2022-05-16,20540.99,187638.79
Geo 35,2022-05-23,20937.87,187194.99
Geo 35,2022-05-30,18960.13,192337.42
Geo 35,2022-06-06,19355.84,190693.92
Geo 35,2022-06-13,21617.61,179777.77
Geo 35,2022-06-20,20152.39,180471.33
Geo 35,2022-06-27,20781.08,168724.57
Geo 35,2022-07-04,20411.62,177258.09
Geo 35,2022-07-11,18420.17,176443.18
Geo 35,2022-07-18,18934.92,193027.5
Geo 35,2022-07-25,19146.03,194657.89
Geo 35,2022-08-01,18948.53,192663.02
Geo 35,2022-08-08,20643.8,183567.76
Geo 35,2022-08-15,19684.88,173273.8
Geo 35,2022-08-22,19428.78,167024.88
Geo 35,2022-08-29,19902.28,195028.77
Geo 35,2022-09-05,18183.96,175241.43
Geo 35,2022-09-12,20186.91,152517.72
Geo 35,2022-09-19,17664.93,150655.12
Geo 35,2022-09-26,19869.08,171867.32
Geo 35,2022-10-03,17895.77,174599.92
Geo 35,2022-10-10,18329.28,172047.28
Geo 35,2022-10-17,20260.83,172744.68
Geo 35,2022-10-24,19636.24,169816.56
Geo 35,2022-10-31,18327.14,157098.98
Geo 35,2022-11-07,19426.66,169567.81
Geo 35,2022-11-14,19547.56,175727.37
Geo 35,2022-11-21,17873.48,162158.13
Geo 35,2022-11-28,20048.45,154456.7
Geo 35,2022-12-05,22150.6,175196.02
Geo 35,2022-12-12,21707.16,194209.42
Geo 35,2022-12-19,20994.67,170585.85
Geo 35,2022-12-26,22319.11,179259.75
Geo 35,2023-01-02,21227.99,152628.58
Geo 35,2023-01-09,23457.57,154336.71
Geo 35,2023-01-16,22779.14,162921.03
Geo 35,2023-01-23,20719.41,185076.54
Geo 35,2023-01-30,20757.92,202897.8
Geo 35,2023-02-06,21894.27,185800.44
Geo 35,2023-02-13,22187.94,182882.49
Geo 35,2023-02-20,22155.78,177620.93
Geo 35,2023-02-27,23169.92,184909.61
Geo 35,2023-03-06,22471.84,162123.29
Geo 35,2023-03-13,22792.54,169652.24
Geo 35,2023-03-20,20218.96,176999.34
Geo 35,2023-03-27,21718.11,182232.32
Geo 35,2023-04-03,23575.68,192212.7
Geo 35,2023-04-10,24366.87,199496.82
Geo 35,2023-04-17,21215.58,216708.23
Geo 35,2023-04-24,24875.33,202806.94
Geo 35,2023-05-01,21835.42,186971.36
Geo 35,2023-05-08,25073.08,187295.52
Geo 35,2023-05-15,22973.44,201129.39
Geo 35,2023-05-22,20082.86,203214.29
Geo 35,2023-05-29,20580.22,203795.55
Geo 35,2023-06-05,21511.14,194222.19
Geo 35,2023-06-12,19421.26,194958.87
Geo 35,2023-06-19,19791.22,193862.43
Geo 35,2023-06-26,21719.9,185380.84
Geo 35,2023-07-03,21172.35,182870.15
Geo 35,2023-07-10,19416.17,175844.75
Geo 35,2023-07-17,20859.25,183022.5
Geo 35,2023-07-24,18888.87,182861.49
Geo 35,2023-07-31,18855.52,195158.05
Geo 35,2023-08-07,18440.04,173648.27
Geo 35,2023-08-14,19409.11,147452.91
Geo 35,2023-08-21,19604.68,162671.82
Geo 35,2023-08-28,18552.22,189301.51
Geo 35,2023-09-04,19711.04,182604.37
Geo 35,2023-09-11,19965.99,178554.83
Geo 35,2023-09-18,18726.06,177906.55
Geo 35,2023-09-25,21027.64,179496.04
Geo 35,2023-10-02,20888.38,154656.86
Geo 35,2023-10-09,18907.05,195290.84
Geo 35,2023-10-16,21590.84,172459.38
Geo 35,2023-10-23,18656.87,180888.38
Geo 35,2023-10-30,19621.22,178014.96
Geo 35,2023-11-06,20075.07,180124.23
Geo 35,2023-11-13,19209.6,180148.5
Geo 35,2023-11-20,17776.08,175135.39
Geo 35,2023-11-27,20072.62,181182.01
Geo 35,2023-12-04,21801.34,194514.78
Geo 35,2023-12-11,23012.95,193986.83
Geo 35,2023-12-18,22978.49,214263.79
Geo 35,2023-12-25,21538.94,190950.66
Geo 35,2024-01-01,22275.75,188095.91
Geo 35,2024-01-08,20587.72,193278.47
Geo 35,2024-01-15,23277.01,175769.33
Geo 35,2024-01-22,23496.13,178394.78
Geo 35,2024-01-29,28564.19,179030.56
Geo 35,2024-02-05,25353.19,187182.02
Geo 35,2024-02-12,25422.9,190384.95
Geo 35,2024-02-19,24080.38,200219.0
Geo 35,2024-02-26,25847.99,202845.82
Geo 35,2024-03-04,24361.27,193718.67
Geo 35,2024-03-11,25362.79,187733.57
Geo 35,2024-03-18,23591.94,180489.61
Geo 35,2024-03-25,21156.68,190961.65
Geo 36,2022-04-04,37899.47,302955.19
Geo 36,2022-04-11,36877.59,345922.59
Geo 36,2022-04-18,36607.81,365403.63
Geo 36,2022-04-25,36402.07,376856.82
Geo 36,2022-05-02,32806.45,336128.63
Geo 36,2022-05-09,39418.14,357634.49
Geo 36,2022-05-16,36322.31,334251.72
Geo 36,2022-05-23,35277.6,326936.27
Geo 36,2022-05-30,37225.77,284352.93
Geo 36,2022-06-06,34971.83,352310.67
Geo 36,2022-06-13,33775.91,327825.1
Geo 36,2022-06-20,37335.12,343720.58
Geo 36,2022-06-27,34589.99,300906.7
Geo 36,2022-07-04,31450.09,311415.88
Geo 36,2022-07-11,30848.05,304706.36
Geo 36,2022-07-18,33185.92,320031.03
Geo 36,2022-07-25,34642.79,291465.03
Geo 36,2022-08-01,34684.54,284110.35
Geo 36,2022-08-08,28452.7,299291.11
Geo 36,2022-08-15,34539.52,306864.04
Geo 36,2022-08-22,35121.9,281382.71
Geo 36,2022-08-29,32921.76,249774.91
Geo 36,2022-09-05,32982.12,255394.91
Geo 36,2022-09-12,32695.45,271957.52
Geo 36,2022-09-19,31783.9,271246.11
Geo 36,2022-09-26,34469.52,284331.82
Geo 36,2022-10-03,29367.95,275724.41
Geo 36,2022-10-10,35974.35,307499.74
Geo 36,2022-10-17,33913.31,313127.7
Geo 36,2022-10-24,32920.28,301753.83
Geo 36,2022-10-31,38489.14,253660.24
Geo 36,2022-11-07,38520.15,228509.34
Geo 36,2022-11-14,36874.5,257156.72
Geo 36,2022-11-21,36068.5,241236.86
Geo 36,2022-11-28,35099.38,269275.24
Geo 36,2022-12-05,36444.0,310349.55
Geo 36,2022-12-12,33156.4,311060.55
Geo 36,2022-12-19,34593.6,297787.68
Geo 36,2022-12-26,40543.75,317494.21
Geo 36,2023-01-02,43202.25,319668.6
Geo 36,2023-01-09,46288.97,296226.28
Geo 36,2023-01-16,43635.75,305675.15
Geo 36,2023-01-23,40568.57,318401.87
Geo 36,2023-01-30,37502.92,305972.59
Geo 36,2023-02-06,45856.86,292495.41
Geo 36,2023-02-13,43442.62,300172.19
Geo 36,2023-02-20,38077.11,326463.01
Geo 36,2023-02-27,45770.0,355105.96
Geo 36,2023-03-06,45846.35,317249.09
Geo 36,2023-03-13,46049.67,310744.51
Geo 36,2023-03-20,49835.49,334599.98
Geo 36,2023-03-27,42412.58,318197.32
Geo 36,2023-04-03,42725.58,374650.27
Geo 36,2023-04-10,39249.02,394822.12
Geo 36,2023-04-17,44402.29,378302.3
Geo 36,2023-04-24,43907.34,357293.96
Geo 36,2023-05-01,40221.91,360148.58
Geo 36,2023-05-08,39112.21,354607.3
Geo 36,2023-05-15,40024.42,356080.12
Geo 36,2023-05-22,40648.76,343415.17
Geo 36,2023-05-29,37181.91,335834.93
Geo 36,2023-06-05,38344.47,311597.59
Geo 36,2023-06-12,37177.09,309154.43
Geo 36,2023-06-19,35001.66,310151.98
Geo 36,2023-06-26,33347.33,321666.04
Geo 36,2023-07-03,37191.51,262285.64
Geo 36,2023-07-10,34904.94,292676.47
Geo 36,2023-07-17,37413.66,310257.55
Geo 36,2023-07-24,37593.53,313003.7
Geo 36,2023-07-31,38574.23,284929.15
Geo 36,2023-08-07,36192.41,291958.17
Geo 36,2023-08-14,33802.99,297540.0
Geo 36,2023-08-21,34000.81,285891.47
Geo 36,2023-08-28,31749.77,310627.83
Geo 36,2023-09-04,33960.57,290696.96
Geo 36,2023-09-11,34745.37,327037.03
Geo 36,2023-09-18,32372.67,347148.19
Geo 36,2023-09-25,32644.49,287860.58
Geo 36,2023-10-02,32930.22,301916.86
Geo 36,2023-10-09,36240.96,283835.13
Geo 36,2023-10-16,34154.57,322101.25
Geo 36,2023-10-23,34959.82,298018.05
Geo 36,2023-10-30,39186.39,303216.84
Geo 36,2023-11-06,38698.91,298456.02
Geo 36,2023-11-13,35658.59,284040.1
Geo 36,2023-11-20,36759.07,289818.76
Geo 36,2023-11-27,35087.02,303622.24
Geo 36,2023-12-04,39431.8,318891.49
Geo 36,2023-12-11,38460.9,316005.02
Geo 36,2023-12-18,37675.69,287476.88
Geo 36,2023-12-25,44439.52,287407.57
Geo 36,2024-01-01,40158.33,323376.23
Geo 36,2024-01-08,42014.46,318109.51
Geo 36,2024-01-15,42869.26,305279.49
Geo 36,2024-01-22,42677.85,321451.84
Geo 36,2024-01-29,43000.96,319677.65
Geo 36,2024-02-05,45367.37,318919.11
Geo 36,2024-02-12,47140.99,324485.32
Geo 36,2024-02-19,46479.28,354113.07
Geo 36,2024-02-26,40279.45,313095.15
Geo 36,2024-03-04,46274.68,347604.68
Geo 36,2024-03-11,47443.85,362978.98
Geo 36,2024-03-18,43668.36,325688.75
Geo 36,2024-03-25,45023.65,329069.36
Geo 37,2022-04-04,8295.99,62273.88
Geo 37,2022-04-11,7777.08,62805.23
Geo 37,2022-04-18,8017.25,63500.31
Geo 37,2022-04-25,8186.22,58838.8
Geo 37,2022-05-02,8087.22,58183.99
Geo 37,2022-05-09,7691.55,57318.34
Geo 37,2022-05-16,7645.31,66553.63
Geo 37,2022-05-23,7323.9,59642.75
Geo 37,2022-05-30,7890.4,70328.44
Geo 37,2022-06-06,7831.78,69280.97
Geo 37,2022-06-13,6874.9,70903.41
Geo 37,2022-06-20,6846.69,62917.98
Geo 37,2022-06-27,7635.23,56426.58
Geo 37,2022-07-04,6794.24,59728.0
Geo 37,2022-07-11,7798.51,61655.62
Geo 37,2022-07-18,7577.44,61007.44
Geo 37,2022-07-25,7131.81,55731.21
Geo 37,2022-08-01,6666.54,55304.98
Geo 37,2022-08-08,6715.12,54379.44
Geo 37,2022-08-15,6078.4,58239.45
Geo 37,2022-08-22,7312.54,54094.88
Geo 37,2022-08-29,7540.55,48731.48
Geo 37,2022-09-05,7647.92,49332.52
Geo 37,2022-09-12,7436.95,55592.26
Geo 37,2022-09-19,6556.7,60587.38
Geo 37,2022-09-26,7673.07,67833.29
Geo 37,2022-10-03,6721.31,62519.52
Geo 37,2022-10-10,6289.52,59331.56
Geo 37,2022-10-17,7274.6,56179.81
Geo 37,2022-10-24,7289.37,62522.26
Geo 37,2022-10-31,6758.51,62982.11
Geo 37,2022-11-07,6910.68,55468.41
Geo 37,2022-11-14,8652.91,61211.56
Geo 37,2022-11-21,7003.46,63357.81
Geo 37,2022-11-28,8580.21,63232.15
Geo 37,2022-12-05,7829.26,63908.66
Geo 37,2022-12-12,7856.2,59508.94
Geo 37,2022-12-19,8211.21,66268.84
Geo 37,2022-12-26,8421.26,69090.13
Geo 37,2023-01-02,7782.43,67953.44
Geo 37,2023-01-09,8109.28,64582.16
Geo 37,2023-01-16,8560.27,66329.55
Geo 37,2023-01-23,8097.77,67443.89
Geo 37,2023-01-30,8391.57,61596.49
Geo 37,2023-02-06,8843.29,59717.47
Geo 37,2023-02-13,7940.18,60758.77
Geo 37,2023-02-20,9482.4,61659.99
Geo 37,2023-02-27,9321.91,59721.6
Geo 37,2023-03-06,8973.13,65049.39
Geo 37,2023-03-13,8828.72,67585.81
Geo 37,2023-03-20,8574.44,69560.76
Geo 37,2023-03-27,9270.75,65376.67
Geo 37,2023-04-03,7913.22,61735.59
Geo 37,2023-04-10,8765.37,64503.41
Geo 37,2023-04-17,8985.35,73936.59
Geo 37,2023-04-24,10097.29,68758.08
Geo 37,2023-05-01,9423.56,73161.0
Geo 37,2023-05-08,9229.15,77354.1
Geo 37,2023-05-15,8084.87,79921.47
Geo 37,2023-05-22,8135.39,74606.17
Geo 37,2023-05-29,8980.13,71685.83
Geo 37,2023-06-05,8171.83,60645.59
Geo 37,2023-06-12,7799.25,65433.45
Geo 37,2023-06-19,7936.42,63452.28
Geo 37,2023-06-26,7780.49,63404.64
Geo 37,2023-07-03,7604.34,64748.83
Geo 37,2023-07-10,7555.97,66695.18
Geo 37,2023-07-17,7938.03,67076.91
Geo 37,2023-07-24,8142.13,63830.57
Geo 37,2023-07-31,7596.54,62579.2
Geo 37,2023-08-07,7119.36,63058.7
Geo 37,2023-08-14,7553.56,70384.92
Geo 37,2023-08-21,6928.12,67917.72
Geo 37,2023-08-28,6617.23,64855.16
Geo 37,2023-09-04,7283.81,64120.94
Geo 37,2023-09-11,7556.0,62208.87
Geo 37,2023-09-18,7384.17,60596.26
Geo 37,2023-09-25,7490.23,57216.55
Geo 37,2023-10-02,7246.09,59485.35
Geo 37,2023-10-09,7851.55,64567.16
Geo 37,2023-10-16,6929.39,62737.2
Geo 37,2023-10-23,6808.71,59834.2
Geo 37,2023-10-30,7268.18,63735.28
Geo 37,2023-11-06,7288.3,77835.57
Geo 37,2023-11-13,7961.78,71648.75
Geo 37,2023-11-20,8451.87,76950.37
Geo 37,2023-11-27,7479.01,78123.03
Geo 37,2023-12-04,8740.06,67970.38
Geo 37,2023-12-11,9198.47,64139.32
Geo 37,2023-12-18,8183.78,63233.35
Geo 37,2023-12-25,8357.17,73106.26
Geo 37,2024-01-01,8420.06,71623.44
Geo 37,2024-01-08,9099.46,63746.39
Geo 37,2024-01-15,9277.42,67381.77
Geo 37,2024-01-22,8198.44,62318.45
Geo 37,2024-01-29,8144.99,60883.56
Geo 37,2024-02-05,9045.57,65368.77
Geo 37,2024-02-12,8349.35,63773.32
Geo 37,2024-02-19,8531.45,66089.73
Geo 37,2024-02-26,8729.93,74899.47
Geo 37,2024-03-04,10401.84,68624.05
Geo 37,2024-03-11,8808.61,74379.97
Geo 37,2024-03-18,9782.26,71618.4
Geo 37,2024-03-25,9436.27,71101.86
Geo 38,2022-04-04,29602.12,269218.9
Geo 38,2022-04-11,29564.0,255573.04
Geo 38,2022-04-18,28658.96,269824.72
Geo 38,2022-04-25,29687.88,263373.04
Geo 38,2022-05-02,29959.91,271194.72
Geo 38,2022-05-09,28907.35,261777.76
Geo 38,2022-05-16,31571.46,253056.65
Geo 38,2022-05-23,34792.27,228430.73
Geo 38,2022-05-30,31298.77,257639.18
Geo 38,2022-06-06,29966.68,280901.29
Geo 38,2022-06-13,27876.81,259842.19
Geo 38,2022-06-20,28702.92,242265.56
Geo 38,2022-06-27,26533.34,240311.44
Geo 38,2022-07-04,29317.72,254756.64
Geo 38,2022-07-11,28197.93,237450.47
Geo 38,2022-07-18,26538.85,230977.02
Geo 38,2022-07-25,26561.19,207182.56
Geo 38,2022-08-01,26579.94,233255.18
Geo 38,2022-08-08,27143.53,251891.79
Geo 38,2022-08-15,27039.36,240897.3
Geo 38,2022-08-22,24533.97,221636.7
Geo 38,2022-08-29,23352.45,239280.13
Geo 38,2022-09-05,23763.71,250847.31
Geo 38,2022-09-12,27224.22,255849.55
Geo 38,2022-09-19,29055.46,244558.3
Geo 38,2022-09-26,25561.28,231523.63
Geo 38,2022-10-03,27950.38,200341.58
Geo 38,2022-10-10,26987.79,210699.66
Geo 38,2022-10-17,28910.88,250252.46
Geo 38,2022-10-24,30193.34,239837.96
Geo 38,2022-10-31,28808.8,258664.22
Geo 38,2022-11-07,28794.25,229884.91
Geo 38,2022-11-14,31243.54,248620.64
Geo 38,2022-11-21,28939.14,229347.11
Geo 38,2022-11-28,27017.26,224297.42
Geo 38,2022-12-05,28372.56,221422.2
Geo 38,2022-12-12,28034.6,274560.03
Geo 38,2022-12-19,29418.8,289602.88
Geo 38,2022-12-26,29384.06,235304.52
Geo 38,2023-01-02,32849.36,246729.22
Geo 38,2023-01-09,36290.59,276260.98
Geo 38,2023-01-16,33288.13,259374.74
Geo 38,2023-01-23,34887.18,251293.23
Geo 38,2023-01-30,33196.59,263316.07
Geo 38,2023-02-06,32774.49,278149.98
Geo 38,2023-02-13,31365.96,257818.54
Geo 38,2023-02-20,35286.26,246913.44
Geo 38,2023-02-27,29963.97,218104.04
Geo 38,2023-03-06,35080.96,251047.96
Geo 38,2023-03-13,32525.79,249325.87
Geo 38,2023-03-20,31116.14,270246.09
Geo 38,2023-03-27,34474.35,271227.4
Geo 38,2023-04-03,33067.19,268615.35
Geo 38,2023-04-10,35240.77,276959.02
Geo 38,2023-04-17,35055.87,273280.03
Geo 38,2023-04-24,35826.13,287535.02
Geo 38,2023-05-01,32815.78,324426.83
Geo 38,2023-05-08,33466.72,301208.56
Geo 38,2023-05-15,30617.89,273021.99
Geo 38,2023-05-22,32970.69,264130.6
Geo 38,2023-05-29,31094.02,266286.89
Geo 38,2023-06-05,30726.82,260806.84
Geo 38,2023-06-12,32452.62,274373.71
Geo 38,2023-06-19,30543.54,245332.07
Geo 38,2023-06-26,30912.39,271080.45
Geo 38,2023-07-03,30005.99,247183.18
Geo 38,2023-07-10,32447.84,294344.23
Geo 38,2023-07-17,34507.11,268579.05
Geo 38,2023-07-24,32762.45,262006.63
Geo 38,2023-07-31,33164.67,241530.92
Geo 38,2023-08-07,27341.37,254851.92
Geo 38,2023-08-14,28939.41,284170.83
Geo 38,2023-08-21,29542.53,267016.24
Geo 38,2023-08-28,26257.3,229382.89
Geo 38,2023-09-04,27208.89,252876.57
Geo 38,2023-09-11,29825.12,239744.67
Geo 38,2023-09-18,29591.42,222821.06
Geo 38,2023-09-25,30561.33,231106.32
Geo 38,2023-10-02,28559.98,230816.79
Geo 38,2023-10-09,27779.58,212575.23
Geo 38,2023-10-16,32659.68,239983.19
Geo 38,2023-10-23,31178.01,260905.25
Geo 38,2023-10-30,31617.05,260156.13
Geo 38,2023-11-06,30881.83,256369.99
Geo 38,2023-11-13,33343.85,266120.95
Geo 38,2023-11-20,31466.14,249177.45
Geo 38,2023-11-27,28820.64,257924.9
Geo 38,2023-12-04,30437.99,272372.44
Geo 38,2023-12-11,31193.86,251171.53
Geo 38,2023-12-18,32877.81,285700.18
Geo 38,2023-12-25,33830.47,286291.11
Geo 38,2024-01-01,34385.8,263105.01
Geo 38,2024-01-08,36511.68,263472.59
Geo 38,2024-01-15,36634.75,262155.56
Geo 38,2024-01-22,31890.62,259897.08
Geo 38,2024-01-29,33898.58,270907.39
Geo 38,2024-02-05,33378.26,274305.5
Geo 38,2024-02-12,34667.53,265659.9
Geo 38,2024-02-19,35441.65,300838.08
Geo 38,2024-02-26,37852.55,313280.91
Geo 38,2024-03-04,35598.21,278544.34
Geo 38,2024-03-11,36746.09,289000.65
Geo 38,2024-03-18,37123.77,275359.25
Geo 38,2024-03-25,32672.45,275391.68
Geo 39,2022-04-04,28116.14,186619.8
Geo 39,2022-04-11,24860.75,212444.32
Geo 39,2022-04-18,29453.85,220575.82
Geo 39,2022-04-25,25569.52,226231.2
Geo 39,2022-05-02,24615.68,232739.08
Geo 39,2022-05-09,25944.23,212610.92
Geo 39,2022-05-16,23872.62,215407.92
Geo 39,2022-05-23,23855.25,206308.64
Geo 39,2022-05-30,24258.61,212826.63
Geo 39,2022-06-06,25798.2,240464.83
Geo 39,2022-06-13,24283.92,208257.07
Geo 39,2022-06-20,22151.23,224221.41
Geo 39,2022-06-27,24594.67,187746.02
Geo 39,2022-07-04,23024.49,187701.69
Geo 39,2022-07-11,23603.05,206403.36
Geo 39,2022-07-18,22737.21,198986.51
Geo 39,2022-07-25,23821.29,202330.44
Geo 39,2022-08-01,23947.85,204441.75
Geo 39,2022-08-08,22458.79,215801.17
Geo 39,2022-08-15,21631.46,211315.31
Geo 39,2022-08-22,21886.55,186742.16
Geo 39,2022-08-29,23219.64,208196.38
Geo 39,2022-09-05,24111.55,177902.01
Geo 39,2022-09-12,22306.84,196328.09
Geo 39,2022-09-19,26436.05,203669.64
Geo 39,2022-09-26,22493.98,185780.59
Geo 39,2022-10-03,23554.49,172321.55
Geo 39,2022-10-10,23727.51,171558.58
Geo 39,2022-10-17,22894.45,220809.68
Geo 39,2022-10-24,26100.56,202526.83
Geo 39,2022-10-31,22605.12,208512.86
Geo 39,2022-11-07,24921.48,182711.07
Geo 39,2022-11-14,20321.12,191682.41
Geo 39,2022-11-21,21831.58,195393.33
Geo 39,2022-11-28,23684.21,226186.98
Geo 39,2022-12-05,23596.14,201374.68
Geo 39,2022-12-12,25172.33,209337.21
Geo 39,2022-12-19,25408.05,220899.68
Geo 39,2022-12-26,26619.07,190165.92
Geo 39,2023-01-02,28265.36,187900.95
Geo 39,2023-01-09,25787.83,199255.29
Geo 39,2023-01-16,25849.08,204953.03
Geo 39,2023-01-23,23776.67,194023.71
Geo 39,2023-01-30,28453.74,228878.3
Geo 39,2023-02-06,26726.25,239624.1
Geo 39,2023-02-13,27556.08,248140.57
Geo 39,2023-02-20,27679.72,239384.59
Geo 39,2023-02-27,28690.56,221916.98
Geo 39,2023-03-06,27750.8,234305.5
Geo 39,2023-03-13,32309.29,216562.62
Geo 39,2023-03-20,30333.18,221859.28
Geo 39,2023-03-27,29168.27,207230.49
Geo 39,2023-04-03,28620.97,232472.89
Geo 39,2023-04-10,26990.08,217109.5
Geo 39,2023-04-17,28381.8,217651.7
Geo 39,2023-04-24,25554.57,224632.35
Geo 39,2023-05-01,25540.95,200210.28
Geo 39,2023-05-08,26482.48,194040.23
Geo 39,2023-05-15,24821.2,203635.21
Geo 39,2023-05-22,24470.34,227468.7
Geo 39,2023-05-29,27228.67,268062.16
Geo 39,2023-06-05,25193.91,253926.63
Geo 39,2023-06-12,24897.74,239385.87
Geo 39,2023-06-19,23430.34,241572.29
Geo 39,2023-06-26,22404.94,231505.29
Geo 39,2023-07-03,26703.94,244437.56
Geo 39,2023-07-10,25328.27,239249.15
Geo 39,2023-07-17,23661.28,192187.74
Geo 39,2023-07-24,22558.85,171781.09
Geo 39,2023-07-31,24166.91,211655.67
Geo 39,2023-08-07,23701.21,186177.43
Geo 39,2023-08-14,25065.3,200865.86
Geo 39,2023-08-21,23059.92,236910.08
Geo 39,2023-08-28,25861.73,218261.88
Geo 39,2023-09-04,26872.47,228264.77
Geo 39,2023-09-11,25282.54,219041.14
Geo 39,2023-09-18,26210.95,198002.04
Geo 39,2023-09-25,25162.96,200800.02
Geo 39,2023-10-02,24100.65,205397.05
Geo 39,2023-10-09,26317.86,223311.39
Geo 39,2023-10-16,25163.07,203243.29
Geo 39,2023-10-23,24166.93,176711.96
Geo 39,2023-10-30,22348.69,208103.3
Geo 39,2023-11-06,24513.55,199796.98
Geo 39,2023-11-13,26771.74,205675.34
Geo 39,2023-11-20,26647.44,197471.58
Geo 39,2023-11-27,28290.79,202276.45
Geo 39,2023-12-04,29286.1,200478.57
Geo 39,2023-12-11,27481.29,199301.3
Geo 39,2023-12-18,27100.94,224016.11
Geo 39,2023-12-25,25378.85,230140.11
Geo 39,2024-01-01,27464.42,242805.46
Geo 39,2024-01-08,26346.28,230374.17
Geo 39,2024-01-15,28358.09,209707.57
Geo 39,2024-01-22,30172.84,216532.26
Geo 39,2024-01-29,30483.36,224189.91
Geo 39,2024-02-05,31056.58,220313.8
Geo 39,2024-02-12,29835.87,223315.3
Geo 39,2024-02-19,26167.07,260165.53
Geo 39,2024-02-26,31517.43,228849.98
Geo 39,2024-03-04,27165.44,219876.59
Geo 39,2024-03-11,29191.22,215079.11
Geo 39,2024-03-18,28544.16,265481.27
Geo 39,2024-03-25,28081.04,252858.67
Geo 40,2022-04-04,28561.88,223308.62
Geo 40,2022-04-11,27077.38,211112.37
Geo 40,2022-04-18,24523.02,203824.51
Geo 40,2022-04-25,26052.54,206084.44
Geo 40,2022-05-02,25475.13,240306.73
Geo 40,2022-05-09,27046.47,220627.93
Geo 40,2022-05-16,25409.9,216972.14
Geo 40,2022-05-23,21971.49,218931.35
Geo 40,2022-05-30,21372.76,214307.52
Geo 40,2022-06-06,21462.89,211544.79
Geo 40,2022-06-13,21216.72,205924.77
Geo 40,2022-06-20,21907.31,199942.92
Geo 40,2022-06-27,22439.04,206115.56
Geo 40,2022-07-04,22391.85,202817.47
Geo 40,2022-07-11,19662.69,175045.08
Geo 40,2022-07-18,22053.98,185998.98
Geo 40,2022-07-25,21623.38,193558.57
Geo 40,2022-08-01,23244.22,196613.61
Geo 40,2022-08-08,22638.99,192619.46
Geo 40,2022-08-15,19572.17,190768.21
Geo 40,2022-08-22,21230.99,192280.86
Geo 40,2022-08-29,18452.42,185737.08
Geo 40,2022-09-05,20994.73,205581.31
Geo 40,2022-09-12,25503.68,213731.0
Geo 40,2022-09-19,22343.01,194019.32
Geo 40,2022-09-26,20318.81,181277.31
Geo 40,2022-10-03,21868.52,194807.66
Geo 40,2022-10-10,22493.08,194904.25
Geo 40,2022-10-17,22698.24,175791.64
Geo 40,2022-10-24,22726.55,202857.51
Geo 40,2022-10-31,22628.73,195798.72
Geo 40,2022-11-07,23499.98,211672.25
Geo 40,2022-11-14,24129.05,207003.68
Geo 40,2022-11-21,24078.08,201590.83
Geo 40,2022-11-28,20825.77,195130.03
Geo 40,2022-12-05,24114.87,215536.23
Geo 40,2022-12-12,24641.46,196380.69
Geo 40,2022-12-19,27420.33,200556.96
Geo 40,2022-12-26,26082.74,192543.64
Geo 40,2023-01-02,22519.65,181507.49
Geo 40,2023-01-09,28643.78,164425.29
Geo 40,2023-01-16,26237.25,169728.16
Geo 40,2023-01-23,24792.16,185948.04
Geo 40,2023-01-30,25595.75,186759.91
Geo 40,2023-02-06,28480.49,207545.33
Geo 40,2023-02-13,28274.11,206659.0
Geo 40,2023-02-20,26178.65,228615.37
Geo 40,2023-02-27,25417.18,221177.74
Geo 40,2023-03-06,26027.88,231017.54
Geo 40,2023-03-13,26327.76,193304.47
Geo 40,2023-03-20,25330.22,177685.9
Geo 40,2023-03-27,28476.09,194291.77
Geo 40,2023-04-03,25534.79,201916.69
Geo 40,2023-04-10,24240.63,205619.48
Geo 40,2023-04-17,24531.16,223368.37
Geo 40,2023-04-24,22255.2,219971.95
Geo 40,2023-05-01,24834.38,232621.07
Geo 40,2023-05-08,24306.9,235953.91
Geo 40,2023-05-15,25190.15,239237.19
Geo 40,2023-05-22,26746.95,210564.4
Geo 40,2023-05-29,27061.57,199467.87
Geo 40,2023-06-05,24406.53,209600.54
Geo 40,2023-06-12,22025.14,211717.37
Geo 40,2023-06-19,22895.89,201574.21
Geo 40,2023-06-26,25289.04,202059.24
Geo 40,2023-07-03,25433.01,207076.53
Geo 40,2023-07-10,23344.69,191809.76
Geo 40,2023-07-17,20359.64,169279.89
Geo 40,2023-07-24,22619.31,176605.92
Geo 40,2023-07-31,22433.07,192923.74
Geo 40,2023-08-07,24239.4,233876.43
Geo 40,2023-08-14,22925.36,195263.05
Geo 40,2023-08-21,23608.91,206052.01
Geo 40,2023-08-28,25273.36,172504.97
Geo 40,2023-09-04,22786.17,171091.99
Geo 40,2023-09-11,24801.23,179558.06
Geo 40,2023-09-18,25178.04,180282.61
Geo 40,2023-09-25,22267.62,191718.78
Geo 40,2023-10-02,20735.76,186136.46
Geo 40,2023-10-09,21422.28,194505.87
Geo 40,2023-10-16,23221.02,210702.59
Geo 40,2023-10-23,25403.43,205290.66
Geo 40,2023-10-30,25581.31,198493.91
Geo 40,2023-11-06,25588.09,193116.39
Geo 40,2023-11-13,23443.23,198830.91
Geo 40,2023-11-20,24654.61,208766.4
Geo 40,2023-11-27,24344.01,176328.14
Geo 40,2023-12-04,23230.18,193560.76
Geo 40,2023-12-11,24518.97,197708.27
Geo 40,2023-12-18,26164.6,210808.96
Geo 40,2023-12-25,26529.38,202350.74
Geo 40,2024-01-01,26113.45,209667.45
Geo 40,2024-01-08,28614.53,206136.97
Geo 40,2024-01-15,27105.06,204055.76
Geo 40,2024-01-22,28135.18,194230.13
Geo 40,2024-01-29,26522.08,203044.91
Geo 40,2024-02-05,29068.23,230910.78
Geo 40,2024-02-12,28746.64,249048.36
Geo 40,2024-02-19,29239.8,219815.45
Geo 40,2024-02-26,28738.94,221877.8
Geo 40,2024-03-04,26897.65,194378.61
Geo 40,2024-03-11,27163.24,201332.13
Geo 40,2024-03-18,27323.29,210779.92
Geo 40,2024-03-25,31127.21,217889.42
